frame,time_s,left_hip_deg,left_knee_deg,left_ankle_deg,right_hip_deg,right_knee_deg,right_ankle_deg,left_q_estimated_deg,right_q_estimated_deg,pelvic_tilt_deg,trunk_lean_deg,left_fppa_deg,right_fppa_deg,left_knee_foot_offset_cm,right_knee_foot_offset_cm,left_phase,right_phase,left_event,right_event,step_number,step_side,step_length_cm,stride_number,stride_side,stride_length_cm,ankles_distance_cm,ankles_horizontal_cm,ear_displacement_cm,ear_path_cm
0,0.0,177.28523691178262,178.95995372183754,107.15453253304635,,,,,,,,,,,,BALANCO,BALANCO,,,,,,,,,3.894428910483606,1.5192531252671744,0.0,0.0
1,0.03333333333333333,176.24610186359615,179.08442898314573,108.49660137980509,,,,,,,,,,,,BALANCO,BALANCO,,,,,,,,,4.437657331454591,1.4125522138050621,0.32530300708616894,0.32530300708616894
2,0.06666666666666667,175.7073678197857,178.24197199959085,109.0722757830044,,,,,,,,,,,,BALANCO,BALANCO,,,,,,,,,4.760494112777268,1.312495521327891,0.535018553730296,0.5351622610905757
3,0.1,175.39091547567412,177.71013243938157,109.68993621605007,,,,,,,,,,,,BALANCO,BALANCO,,,,,,,,,5.090401304763197,1.2309727028613446,0.6455174118882168,0.6469890303243135
4,0.13333333333333333,174.98975888030645,176.9948227916556,110.37038925705494,,,,,,,,,,,,BALANCO,BALANCO,,,,,,,,,5.406068298997631,1.2503371042450873,0.698829491585739,0.7004372563643851
5,0.16666666666666666,174.7112017233526,176.65110279087546,110.65546050796297,,,,,,,,,,,,BALANCO,BALANCO,,,,,,,,,5.52416130036099,1.3045399433327642,0.7253953114713483,0.7270226537899047
6,0.2,174.4115237330979,176.1799171937436,110.8923765122407,,,,,,,,,,,,BALANCO,BALANCO,,,,,,,,,5.582565610777395,1.3201888275209805,0.7404274471250867,0.7435175168805915
7,0.23333333333333334,174.22185348166127,175.9690538455948,110.9301894129147,,,,,,,,,,,,BALANCO,BALANCO,,,,,,,,,5.60610177301229,1.3311605312395345,0.7329741298758534,0.7510883880791811
8,0.26666666666666666,174.00367158075198,175.78666610419594,110.97617512837843,,,,,,,,,,,,BALANCO,BALANCO,,,,,,,,,5.625115795660499,1.4200269601631208,0.6997014258026029,0.7852000129489014
9,0.3,173.83957484463093,175.66979957916462,110.95338163449587,,,,,,,,,,,,BALANCO,BALANCO,,,,,,,,,5.658306838607888,1.4876930850887045,0.6788795888939331,0.806420161283488
10,0.3333333333333333,173.54034944640748,175.6192549809671,110.99110569948682,,,,,,,,,,,,BALANCO,BALANCO,,,,,,,,,5.70734961659038,1.4945558639086765,0.6522660871068141,0.8333215686970457
11,0.36666666666666664,173.31930241916803,175.92657360561628,110.74197399709918,,,,,,,,,,,,BALANCO,BALANCO,,,,,,,,,5.828171883893688,1.5375247274757622,0.6485170175616133,0.837074948009013
12,0.4,173.4370525858875,177.56852036522542,109.6512788051553,,,,,,,,,,,,BALANCO,BALANCO,,,,,,,,,5.8604415605365245,1.605933955840451,0.6306804860246339,0.8598341583108214
13,0.43333333333333335,173.81122120456115,179.60484726624776,107.78080750298241,,,,,,,,,,,,BALANCO,BALANCO,,,,,,,,,6.015834188246111,1.6281833470466023,0.5948539615040079,0.9982953782064911
14,0.4666666666666667,174.25826366363688,177.16254716004156,105.20307892385878,,,,,,,,,,,,BALANCO,BALANCO,,,,,,,,,6.1587156313991445,1.9293587997192583,0.556528512619571,1.1749657663243662
15,0.5,174.3011613203028,176.0096294931432,104.1694846440342,,,,,,,,,,,,BALANCO,BALANCO,,,,,,,,,6.600278213107543,2.877471364083541,0.956511152900025,1.7694506946694204
16,0.5333333333333333,173.88207836138804,176.17387334622052,103.94641123677738,,,,,,,,,,,,BALANCO,BALANCO,,,,,,,,,7.560020209693926,4.156876926387746,1.9148973101347961,2.806611024320417
17,0.5666666666666667,173.81397784957687,177.20985309981722,104.9795935989144,,,,,,,,,,,,BALANCO,BALANCO,,,,,,,,,9.6216609835667,6.329405398562444,3.393898202284371,4.320413472201764
18,0.6,173.85372078243475,177.25426477203555,105.4562099525024,,,,,,,,,,,,BALANCO,BALANCO,,,,,,,,,13.182185106081764,10.032989227095989,4.654724471112233,5.598983043136975
19,0.6333333333333333,173.9581088285378,177.23550804030913,107.43049636680036,,,,,,,,,,,,BALANCO,BALANCO,,,,,,,,,19.406409950034533,16.122459638761452,6.628413010871387,7.5888405711917715
20,0.6666666666666666,173.3826865176986,177.6267738465155,107.85634434724024,,,,,,,,,,,,BALANCO,BALANCO,,,,,,,,,20.867963278853534,17.428223517170387,7.13179660791726,8.093999283897785
21,0.7,172.03252302603394,178.9876024598734,106.63526006410626,,,,,,,,,,,,BALANCO,BALANCO,,,,,,,,,33.05806021576382,30.66136584878962,10.73733312845695,11.712082846466963
22,0.7333333333333333,171.08731486543948,178.91935380443553,105.5407050868548,,,,,,,,,,,,BALANCO,BALANCO,,,,,,,,,40.98711870690751,38.928129337033454,13.549383386920365,14.52449202115947
23,0.7666666666666667,171.5092291379024,177.54209948471475,104.44097537388805,,,,,,,,,,,,BALANCO,BALANCO,,,,,,,,,47.28937624196117,45.52907347463836,15.98091345960056,16.9657311022613
24,0.8,169.840108056594,178.17693986106102,103.01923427676454,,,,,,,,,,,,BALANCO,BALANCO,,,,,,,,,52.2616343448989,50.65062980088573,19.142680627097523,20.15629489402256
25,0.8333333333333334,170.20114048787914,176.68205494175314,101.01559168218358,,,,,,,,,,,,BALANCO,BALANCO,,,,,,,,,55.8490973330805,54.23992869168159,22.126479984924654,23.18190884628802
26,0.8666666666666667,168.36615638472261,176.55405786344446,98.75336666544307,,,,,,,,,,,,BALANCO,BALANCO,,,,,,,,,60.09339819348063,58.45850505949858,25.211010838719616,26.31072538665613
27,0.9,170.38417339466798,172.87260875051587,96.082869974467,,,,,,,,,,,,BALANCO,BALANCO,,,,,,,,,62.84514847645849,61.199114254885735,28.60929662969223,29.717166874472824
28,0.9333333333333333,173.01213932134306,168.7650732086856,93.21790478225557,,,,,,,,,,,,BALANCO,BALANCO,,,,,,,,,64.0770282026352,62.49856175406227,32.012838784697344,33.167933662832766
29,0.9666666666666667,172.25521393693,165.39481493004496,89.80948033989006,,,,,,,,,,,,BALANCO,BALANCO,,,,,,,,,64.6620855610337,63.17913522436517,34.88278076246407,36.048988042211846
30,1.0,171.84360645756803,161.47507011812752,87.69943905168749,,,,,,,,,,,,BALANCO,BALANCO,,,,,,,,,64.81517579748113,63.52144363799065,37.95848043292481,39.14882457295408
31,1.0333333333333334,167.83883647820946,159.1840770887683,85.0868388131735,,,,,,,,,,,,BALANCO,BALANCO,,,,,,,,,65.02155638570498,63.86263739645747,42.80131013355515,44.0570265447414
32,1.0666666666666667,170.78511659927435,152.17266965599978,88.37174933498268,,,,,,,,,,,,BALANCO,BALANCO,,,,,,,,,63.364982116087866,62.677278131167085,48.092649203650446,49.966303934416615
33,1.1,173.07606732476376,142.20729253474533,91.09748918671015,,,,,,,,,,,,BALANCO,BALANCO,,,,,,,,,59.884498703158044,59.38758106223166,55.538791543299425,58.54905167015543
34,1.1333333333333333,175.48759260746107,133.03893400093054,100.3557396680624,,,,,,,,,,,,BALANCO,BALANCO,,,,,,,,,55.58562891594656,55.26906138689185,59.584978841235746,62.651239120322806
35,1.1666666666666667,179.6767534570307,125.85171391663117,107.89636146211423,,,,,,,,,,,,BALANCO,BALANCO,,,,,,,,,49.252786663978256,49.16448849062575,61.89589940095205,65.12623374344594
36,1.2,174.1412400764343,124.49451871260918,103.48456187785955,,,,,,,,,,,,BALANCO,BALANCO,,,,,,,,,40.6215309388533,40.61543311945593,65.67796260224932,68.96399282070396
37,1.2333333333333334,173.12847491196007,127.1182781964747,111.3233991438294,,,,,,,,,,,,BALANCO,BALANCO,,,,,,,,,29.964323894917147,29.96114384931745,69.71105270207141,73.0259850682107
38,1.2666666666666666,171.68683553370897,138.53169159488152,110.76022854947948,,,,,,,,,,,,BALANCO,BALANCO,,,,,,,,,10.454197741167645,10.360151444153825,73.6396056327982,76.96771340049268
39,1.3,172.52903016490464,140.1107958941121,106.49502681757254,,,,,,,,,,,,BALANCO,BALANCO,,,,,,,,,7.6463827625074385,7.392305588284985,73.83075806451627,77.20526414290804
40,1.3333333333333333,166.07590881398335,137.12571048065377,103.09036759034014,,,,,,,,,,,,BALANCO,BALANCO,,,,,,,,,5.267425209145487,4.611612519153151,81.63957859441562,85.01856993042192
41,1.3666666666666667,155.8738758329236,140.3629282798395,106.37799868800133,,,,,,,,,,,,BALANCO,BALANCO,,,,,,,,,20.879004648519505,20.811966883119634,86.78479948680098,90.17012564302574
42,1.4,152.09287134673858,147.57831754902512,113.63923523780514,,,,,,,,,,,,BALANCO,BALANCO,,,,,,,,,32.86538606119434,32.82978539606574,91.47103926162545,94.87749298240313
43,1.4333333333333333,152.51804917754106,157.92613029112798,112.41003453260986,,,,,,,,,,,,BALANCO,BALANCO,,,,,,,,,43.689591943079705,43.68342309173595,94.95153906654289,98.57438990448395
44,1.4666666666666666,151.4040594721572,165.50675203761912,112.94077303341642,,,,,,,,,,,,BALANCO,BALANCO,,,,,,,,,53.56166102763828,53.56154081972901,98.24745416278495,102.34461945671327
45,1.5,151.90622181677634,171.7639803049057,112.6167095791402,,,,,,,,,,,,BALANCO,BALANCO,,,,,,,,,60.186548395170824,60.177062898330476,102.15179612778618,106.3135721484463
46,1.5333333333333334,153.7626218569214,172.90004792133868,111.99367321919402,,,,,,,,,,,,BALANCO,BALANCO,,,,,,,,,64.40971998351934,64.37111685265698,107.19976335757863,111.3738460044497
47,1.5666666666666667,155.72840067362253,170.49398943674257,109.96881081891482,,,,,,,,,,,,BALANCO,BALANCO,,,,,,,,,64.78233171827185,64.7793210565443,112.77330142267002,116.94797315659646
48,1.6,158.62178535082668,169.41683948659093,109.81440773383706,,,,,,,,,,,,BALANCO,BALANCO,,,,,,,,,65.34425451813232,65.34128210437589,116.43656096164035,120.61143383891496
49,1.6333333333333333,166.764489588387,172.99366481371172,109.67492040912316,,,,,,,,,,,,BALANCO,BALANCO,,,,,,,,,64.56709945672925,64.50692993414522,120.84714214453203,125.02714844593193
50,1.6666666666666667,169.5785305311247,171.22799221269025,109.05122337053625,,,,,,,,,,,,BALANCO,BALANCO,,,,,,,,,61.596385003025624,61.3634056828785,125.37282786454277,129.59967188008955
51,1.7,174.64093913200205,173.01522781358028,106.94591135971228,,,,,,,,,,,,BALANCO,BALANCO,,,,,,,,,57.767522677052334,57.17558068385037,130.69094597842522,134.95992013417217
52,1.7333333333333334,178.03536689601742,176.29852499555867,104.80155718756545,,,,,,,,,,,,BALANCO,BALANCO,,,,,,,,,51.05385630453022,49.8003227626978,136.27590379489698,140.65631546353083
53,1.7666666666666666,178.91682166760503,176.9449474307946,103.76232758347109,,,,,,,,,,,,BALANCO,BALANCO,,,,,,,,,42.245203757304445,40.03683966817849,141.29703187694764,145.8559423873505
54,1.8,175.2777248466314,170.73575003961247,119.46144065728801,,,,,,,,,,,,BALANCO,BALANCO,,,,,,,,,25.425480872837554,23.983554217204333,146.1893735762063,150.78980738176736
55,1.8333333333333333,176.15483102374037,166.05486356210145,113.38705498653694,,,,,,,,,,,,BALANCO,BALANCO,,,,,,,,,17.467495987527514,16.614896803069694,150.00367981716653,154.61704519346682
56,1.8666666666666667,175.00342474062833,161.9111305134037,109.05726981665447,,,,,,,,,,,,BALANCO,BALANCO,,,,,,,,,9.760607666689692,6.900633383399348,155.44924017085555,160.08073167047425
57,1.9,176.55013970679516,163.30829864200516,104.2881920342838,,,,,,,,,,,,BALANCO,BALANCO,,,,,,,,,8.500620462728504,1.0600370558836347,159.90025492322795,164.53301031339265
58,1.9333333333333333,175.4566619366803,163.7533470031829,103.60286792572302,,,,,,,,,,,,BALANCO,BALANCO,,,,,,,,,8.605244372758337,2.0463757353948315,160.20059984852747,164.988417721526
59,1.9666666666666666,179.01265275274872,166.42541551864235,99.451032776518,,,,,,,,,,,,BALANCO,BALANCO,,,,,,,,,27.437458022196452,25.188190459944444,168.9887706072129,173.78104436884811
60,2.0,176.13421044577169,170.27692038582947,96.67398516191253,,,,,,,,,,,,BALANCO,BALANCO,,,,,,,,,37.14021699855036,35.191062141773166,172.9506812327613,177.8456268918997
61,2.033333333333333,173.45090144517934,171.07707073371236,92.61902485697188,,,,,,,,,,,,BALANCO,BALANCO,,,,,,,,,45.809343679090304,43.96355123229513,177.22443303093183,182.19456532231936
62,2.066666666666667,170.68575661537633,171.86679554920627,90.00297050988597,,,,,,,,,,,,BALANCO,BALANCO,,,,,,,,,52.43554786962891,50.4237428361401,181.30356822399906,186.3761685375437
63,2.1,169.51913265435863,170.10039829841514,87.19913307398416,,,,,,,,,,,,BALANCO,BALANCO,,,,,,,,,57.23794673277646,55.232867878210726,185.22362464113903,190.3663293877688
64,2.1333333333333333,167.54256297780537,169.0569126437446,84.9652543549025,,,,,,,,,,,,BALANCO,BALANCO,,,,,,,,,58.96848165056805,57.116066840771445,189.21280060610752,194.4301592453885
65,2.1666666666666665,167.0704622349846,166.8005003214404,84.89774588549615,,,,,,,,,,,,BALANCO,BALANCO,,,,,,,,,59.165005190232016,57.56383037479936,193.75303148313958,198.99458196416052
66,2.2,171.30916101759559,158.14345674966816,86.22522704765217,,,,,,,,,,,,BALANCO,BALANCO,,,,,,,,,57.515998554902836,56.18353759264487,198.11928873148696,203.36095019992416
67,2.2333333333333334,178.2916539765127,144.36857224416278,95.87732632529321,,,,,,,,,,,,BALANCO,BALANCO,,,,,,,,,53.244607202950625,52.46607521458686,202.15368472632338,207.39848935838808
68,2.2666666666666666,178.69463703385452,136.0674907191011,107.12919570504118,,,,,,,,,,,,BALANCO,BALANCO,,,,,,,,,48.03212998533037,47.59514145116948,205.98270004418117,211.22943824778645
69,2.3,177.2092919015647,132.6289135812664,108.93670940509426,,,,,,,,,,,,BALANCO,BALANCO,,,,,,,,,42.37018446696896,42.214788424261954,209.99019132332526,215.2380469140871
70,2.3333333333333335,175.00934904524,132.43346451334367,111.34405519660815,,,,,,,,,,,,BALANCO,BALANCO,,,,,,,,,41.14867540496446,41.04151551784878,210.6944129677785,215.94382152861817
71,2.3666666666666667,170.05835475770687,130.3494226437498,114.56374190004841,,,,,,,,,,,,BALANCO,BALANCO,,,,,,,,,24.489350851428842,24.48160836927287,217.87019132749833,223.12003017801322
72,2.4,168.20189365822534,144.5982485345308,90.17630422934806,,,,,,,,,,,,BALANCO,BALANCO,,,,,,,,,4.576945514319819,3.835834384710776,221.46486679023593,226.72758257153131
73,2.433333333333333,160.89397881737574,129.27317429513127,87.40358919839024,,,,,,,,,,,,BALANCO,BALANCO,,,,,,,,,2.8387304380752063,1.8957661530750005,225.18571684573692,230.45822888863808
74,2.466666666666667,155.21386229624375,127.34016342600614,87.72676962329265,,,,,,,,,,,,BALANCO,BALANCO,,,,,,,,,6.221570707956109,5.751708042608624,228.76004438783318,234.03265512415985
75,2.5,153.23284521274397,133.26195247247267,88.40440405166363,,,,,,,,,,,,BALANCO,BALANCO,,,,,,,,,13.759904318019089,13.617763929306706,232.62638972551426,237.90548144394907
76,2.533333333333333,155.161006395226,143.77901262326014,94.19518185767743,,,,,,,,,,,,BALANCO,BALANCO,,,,,,,,,23.710163183559985,23.690727750229858,235.8342579922141,241.12986702868164
77,2.566666666666667,156.32078124753804,153.61830373199567,100.73041180633356,,,,,,,,,,,,BALANCO,BALANCO,,,,,,,,,32.461449238086004,32.461402794121064,239.03021474790475,244.32582446737177
78,2.6,158.76368258793525,164.68465608383298,102.39389938365407,,,,,,,,,,,,BALANCO,BALANCO,,,,,,,,,40.25798943725456,40.24353170416726,242.39607991934847,247.70172631623979
79,2.6333333333333333,162.58793171648927,173.86642877331428,108.94343590877277,,,,,,,,,,,,BALANCO,BALANCO,,,,,,,,,46.00410234808639,45.94025009228209,245.88766070790197,251.19895141253298
80,2.6666666666666665,162.83663134089232,174.94111450803064,109.04086525632756,,,,,,,,,,,,BALANCO,BALANCO,,,,,,,,,49.3297306539009,49.258163235920016,249.15209225990782,254.48769364818912
81,2.7,165.15894784684141,174.8642011541886,110.5331879827319,,,,,,,,,,,,BALANCO,BALANCO,,,,,,,,,50.813265638128144,50.73031671673802,252.6998647820478,258.06934021276095
82,2.7333333333333334,163.90421964320262,171.0622209435491,110.22460656874574,,,,,,,,,,,,BALANCO,BALANCO,,,,,,,,,51.60294417807849,51.55709578868487,256.01928598854744,261.41154115956647
83,2.7666666666666666,167.20697932506752,170.96416708288868,106.71862870564257,,,,,,,,,,,,BALANCO,BALANCO,,,,,,,,,52.28076925845586,52.28075833046411,259.3128078545959,264.70953223274154
84,2.8,175.35029499714827,177.19195034125386,109.01643755054613,,,,,,,,,,,,BALANCO,BALANCO,,,,,,,,,50.13360465513651,50.07182871776501,262.5275826120827,267.9295186177946
85,2.8333333333333335,177.42078400473972,179.27449280150776,111.11055837831468,,,,,,,,,,,,BALANCO,BALANCO,,,,,,,,,47.17420613689161,46.76560852530124,266.1852251632928,271.5871983924766
86,2.8666666666666667,173.13821526398704,173.70287487053022,122.17869174123717,,,,,,,,,,,,BALANCO,BALANCO,,,,,,,,,36.58997075787642,36.318087787093795,269.42526543770913,274.8287614142436
87,2.9,177.91935138492087,174.27487758735765,115.87291207110192,,,,,,,,,,,,BALANCO,BALANCO,,,,,,,,,24.295865293471813,23.43819278884334,272.94855925832564,278.36101857859455
88,2.933333333333333,176.88573542813592,177.7754242186435,119.65454509396702,,,,,,,,,,,,BALANCO,BALANCO,,,,,,,,,28.570327411106213,27.19263549098859,276.25864795986945,281.6860608708514
89,2.966666666666667,177.6110734568727,169.4714230766691,111.98245851980549,,,,,,,,,,,,BALANCO,BALANCO,,,,,,,,,22.937051479104987,19.94907079843392,279.65294776585074,285.0862409608942
90,3.0,177.3620308829521,164.9945880363192,107.03021695559418,,,,,,,,,,,,BALANCO,BALANCO,,,,,,,,,16.64669316106979,10.044245058600083,282.31286467014445,287.7464776796965
91,3.033333333333333,178.56618633571637,167.09568532670593,104.9073015129948,,,,,,,,,,,,BALANCO,BALANCO,,,,,,,,,23.080582454767754,6.178642824358092,284.88833005418223,290.32194596648213
92,3.066666666666667,179.86877876663428,166.60032378413214,102.32632269290464,,,,,,,,,,,,BALANCO,BALANCO,,,,,,,,,23.403949926689865,5.376571941761493,287.92849735946277,293.36216176472607
93,3.1,177.78636069173663,168.75485874642453,103.98440535109685,,,,,,,,,,,,BALANCO,BALANCO,,,,,,,,,9.698716985404802,6.377488562269255,290.84294904763357,296.27660593990254
94,3.1333333333333333,175.5999827504929,168.96436329343987,105.5908082479347,,,,,,,,,,,,BALANCO,BALANCO,,,,,,,,,24.047417401000377,23.838244710884002,293.6962914059297,299.13182552228176
95,3.1666666666666665,174.79854322046845,171.31576303840384,108.97132689312932,,,,,,,,,,,,BALANCO,BALANCO,,,,,,,,,24.377120376140446,24.11952029057709,293.814597844632,299.2718082515915
96,3.2,172.86903149164272,170.1026233341464,105.64775415159448,,,,,,,,,,,,BALANCO,BALANCO,,,,,,,,,39.850547460791915,39.791167485611936,298.955212588494,304.4294402691089
97,3.2333333333333334,171.07535350555713,170.0185156903522,104.87476607659275,,,,,,,,,,,,BALANCO,BALANCO,,,,,,,,,45.81876360798014,45.52648354059324,301.64688623681775,307.18863148997036
98,3.2666666666666666,168.4065992481905,169.01168835329756,103.09150535703142,,,,,,,,,,,,BALANCO,BALANCO,,,,,,,,,47.752854228127816,47.38812157542816,304.13851206813763,309.71890962811545
99,3.3,168.38498642849513,166.06997782059938,101.75527106690481,,,,,,,,,,,,BALANCO,BALANCO,,,,,,,,,47.80021068038315,47.47782945971662,306.8181212135677,312.4359189715658
100,3.3333333333333335,166.75780885019395,162.94420328900407,100.43717684903898,,,,,,,,,,,,BALANCO,BALANCO,,,,,,,,,47.55685523206793,47.02821909508268,309.7656628607621,315.384593714905
101,3.3666666666666667,165.89758493207654,162.51332334842382,100.8024604913954,,,,,,,,,,,,BALANCO,BALANCO,,,,,,,,,47.449192657331686,46.77135664896255,309.97495575878776,315.5949909163784
102,3.4,165.32224896974213,150.24788692563627,97.13281512710655,,,,,,,,,,,,BALANCO,BALANCO,,,,,,,,,46.8423011714136,45.62191769255951,315.27232161633407,320.8944846588185
103,3.433333333333333,173.92755700927313,139.42152714407678,100.94229930374996,,,,,,,,,,,,BALANCO,BALANCO,,,,,,,,,45.83161219428202,44.17942278135521,317.99649511212687,323.62843734123
104,3.466666666666667,178.32988476790675,135.1408074323434,109.20782838524347,,,,,,,,,,,,BALANCO,BALANCO,,,,,,,,,43.42478211495826,41.32213541803677,319.7286036607307,325.41511959764154
105,3.5,179.44821592897233,134.0362940487906,117.03005863924825,,,,,,,,,,,,BALANCO,BALANCO,,,,,,,,,40.76089288566285,38.044185940234264,321.68329354533006,327.3738893796614
106,3.533333333333333,178.5959760246736,138.5964139592309,125.17667667183537,,,,,,,,,,,,BALANCO,BALANCO,,,,,,,,,36.793335220376854,33.78612673821893,323.37155899102663,329.073292839451
107,3.566666666666667,179.15234723824716,146.66982717092108,136.11935601063783,,,,,,,,,,,,BALANCO,BALANCO,,,,,,,,,33.59323402381443,30.299605609846385,324.0791901689064,329.7923022764924
108,3.6,179.40488085174792,157.83197468401008,152.49425132523058,,,,,,,,,,,,BALANCO,BALANCO,,,,,,,,,28.264510293937086,26.226240396423968,324.6042364606012,330.32012257059347
109,3.6333333333333333,179.51462519785233,167.30960733643326,166.84970600679435,,,,,,,,,,,,BALANCO,BALANCO,,,,,,,,,24.097891062902836,23.467151966984943,324.87116358712456,330.5933475286444
110,3.6666666666666665,179.3036685538858,173.41098923360218,179.00141993758055,,,,,,,,,,,,BALANCO,BALANCO,,,,,,,,,21.420804917568457,21.38851679993954,324.9452990831671,330.67196675088854
111,3.7,178.93063961474147,177.53939344391603,169.25577748321825,,,,,,,,,,,,BALANCO,BALANCO,,,,,,,,,20.072667751142895,19.943574018582893,324.9769465472795,330.75212033147454
112,3.7333333333333334,178.6433265770597,178.99361211240762,163.68148231642877,,,,,,,,,,,,BALANCO,BALANCO,,,,,,,,,21.203604251511603,20.395031213822833,324.82723306028333,330.9518289538594
113,3.7666666666666666,178.9530154352979,179.22292314492367,150.77484961826744,,,,,,,,,,,,BALANCO,BALANCO,,,,,,,,,23.34438144365218,21.847153685760247,324.1460476224423,331.77245804232325
114,3.8,178.9258924200707,177.89587379397616,143.43411055681125,,,,,,,,,,,,BALANCO,BALANCO,,,,,,,,,25.858027178351442,23.74639494021224,323.5950582783293,332.5487705384873
115,3.8333333333333335,178.9151969860818,176.88542113721059,136.93302170338484,,,,,,,,,,,,BALANCO,BALANCO,,,,,,,,,27.86074558669884,25.141877630901387,323.21677491585774,333.07425843203634
116,3.8666666666666667,179.78510864691185,177.28971100868716,134.25406092359134,,,,,,,,,,,,BALANCO,BALANCO,,,,,,,,,29.540410702886984,26.281230050917756,322.29744668176704,334.01641114289913
117,3.9,178.80777441545501,177.9835522702574,136.4055776833888,,,,,,,,,,,,BALANCO,BALANCO,,,,,,,,,30.88924452878671,27.365734880333104,319.6819629919351,336.637000936877
118,3.933333333333333,177.66761925890737,178.76678879098637,135.33503447321564,,,,,,,,,,,,BALANCO,BALANCO,,,,,,,,,32.50742603138271,28.083791362343803,317.13130414917333,339.18771920059385
119,3.966666666666667,176.23308392121282,179.45248790254823,134.25930596170627,,,,,,,,,,,,BALANCO,BALANCO,,,,,,,,,34.12708827686104,28.34260991898746,314.7613942899822,341.55866226725516
120,4.0,173.74307423013107,179.24774523379963,131.79788712319856,,,,,,,,,,,,BALANCO,BALANCO,,,,,,,,,35.537121588567366,28.207059109301262,312.6335613040713,343.6866931522666
121,4.033333333333333,173.72080327967632,178.608014132092,129.24410420722742,,,,,,,,,,,,BALANCO,BALANCO,,,,,,,,,35.685231392774035,28.17873375468125,310.6423282150548,345.68620060928765
122,4.066666666666666,174.0157468080163,177.16351315788924,127.57970845969429,,,,,,,,,,,,BALANCO,BALANCO,,,,,,,,,35.58846129381614,27.947257033399968,308.24796151032365,348.09230687990777
123,4.1,171.94267879740335,178.31297971159148,125.50106164114278,,,,,,,,,,,,BALANCO,BALANCO,,,,,,,,,34.0109537765194,25.540421490080334,305.7049741177715,350.6365057427955
124,4.133333333333334,169.44790002081263,178.56659584263969,127.11564858256928,,,,,,,,,,,,BALANCO,BALANCO,,,,,,,,,27.744843306181924,22.057648662878563,303.29727526310353,353.04468457535125
125,4.166666666666667,168.5724705588182,179.65850334258147,124.5292743994111,,,,,,,,,,,,BALANCO,BALANCO,,,,,,,,,19.85852828877544,16.64394340514531,301.023488019359,355.3185064813196
126,4.2,169.98918139727303,174.44356295336456,118.7598926453679,,,,,,,,,,,,BALANCO,BALANCO,,,,,,,,,6.876706545459334,6.852200523956489,298.7785943858055,357.5634626093259
127,4.233333333333333,170.74515228057578,172.9460621868572,120.21003589179253,,,,,,,,,,,,BALANCO,BALANCO,,,,,,,,,4.686984927262029,2.6984599312014375,296.3368876208067,360.0060384911687
128,4.266666666666667,168.23283363771085,178.12936085220133,121.6946399877548,,,,,,,,,,,,BALANCO,BALANCO,,,,,,,,,12.619351184909018,7.883824801286099,293.8472943959526,362.4975116721038
129,4.3,166.08029480104997,177.74735936287922,119.28909977812559,,,,,,,,,,,,BALANCO,BALANCO,,,,,,,,,21.582697651371763,18.99001931432634,291.2519182109435,365.1082329772804
130,4.333333333333333,166.15262475324755,176.2681265545844,118.42440296472205,,,,,,,,,,,,BALANCO,BALANCO,,,,,,,,,31.918983727539178,29.47235663425422,288.5463004451448,367.829990191647
131,4.366666666666666,166.57527980617118,175.5704353494646,118.6419794774728,,,,,,,,,,,,BALANCO,BALANCO,,,,,,,,,32.816480566108226,30.34456336791225,287.4348362600784,368.95913219624526
132,4.4,164.00987634305864,174.89013241562566,116.3309725564978,,,,,,,,,,,,BALANCO,BALANCO,,,,,,,,,47.809138849644164,45.509414017477326,283.13119640446735,373.3133710441641
133,4.433333333333334,160.75047216218366,177.84142040920383,113.11167887041388,,,,,,,,,,,,BALANCO,BALANCO,,,,,,,,,52.50752508730048,50.085718195281224,279.29241146198365,377.2575960810616
134,4.466666666666667,159.12428847672285,178.61647482867002,110.0837274016985,,,,,,,,,,,,BALANCO,BALANCO,,,,,,,,,53.063027692006905,50.318713907415976,275.81724451704093,380.74907100469505
135,4.5,162.45501118842174,171.786515800734,107.82273398684414,,,,,,,,,,,,BALANCO,APOIO,,CONTATO INICIAL,1,D,50.96845951298775,,,,53.902822002129845,50.96845951298775,272.3740091639963,384.1931413246095
136,4.533333333333333,163.39814928178166,165.5408240162823,109.07925891656372,,,,,,,,,,,,BALANCO,APOIO,,,,,50.96845951298775,,,,53.71829739740909,50.09954210484693,269.0373872984797,387.52979904759894
137,4.566666666666666,167.62029720048855,155.83168414059597,112.93937868285714,,,,,,,,,,,,BALANCO,APOIO,,,,,50.96845951298775,,,,52.80656411758571,48.158195298176224,264.8995906456902,391.68063962454295
138,4.6,170.13797246901527,144.8830676392216,119.27111867443428,,,,,,,,,,,,BALANCO,APOIO,,,,,50.96845951298775,,,,50.66391277485974,44.5042026962112,261.39303850843703,395.2231892496252
139,4.633333333333334,170.43570801562367,140.03874119454946,126.90625315060656,,,,,,,,,,,,BALANCO,APOIO,,,,,50.96845951298775,,,,48.888961034593976,40.836211336812454,258.1044123826933,398.5527410459782
140,4.666666666666667,171.19140953857894,130.54483129271313,129.3052884653278,,,,,,,,,,,,BALANCO,APOIO,,,,,50.96845951298775,,,,45.31826431775719,35.11188884153321,254.07263910587724,402.64178178056875
141,4.7,179.60336450565782,114.75289809258435,127.91579650110394,,,,,,,,,,,,BALANCO,APOIO,,,,,50.96845951298775,,,,41.163840725517666,26.341530709402797,249.41265929523172,407.31538469893155
142,4.733333333333333,175.05842549094123,108.27234745824671,108.72689176552251,,,,,,,,,,,,BALANCO,APOIO,,,,,50.96845951298775,,,,36.747500490972925,21.7161926326097,245.03824976503768,411.6919443115027
143,4.766666666666667,171.58627405697897,110.7316087584069,97.9050999140617,,,,,,,,,,,,BALANCO,APOIO,,,,,50.96845951298775,,,,30.509147119684375,11.257689262691946,240.8782255770255,415.8651230695858
144,4.8,164.92339371213015,108.59268463765527,118.23710325043955,,,,,,,,,,,,BALANCO,APOIO,,,,,50.96845951298775,,,,23.103359121575917,4.912088580353707,236.39895103798358,420.34586776501806
145,4.833333333333333,161.72358032352122,126.45983607785523,96.33594493266217,,,,,,,,,,,,BALANCO,APOIO,,,,,50.96845951298775,,,,16.934352053944753,9.26212868894181,232.0357536273266,424.7094152129108
146,4.866666666666666,157.70313858371412,133.3778442694748,99.54164412055815,,,,,,,,,,,,BALANCO,APOIO,,,,,50.96845951298775,,,,21.82670058319826,19.36510077521471,227.29562792517527,429.44977620838455
147,4.9,156.64680073499167,146.93083128987735,109.44479179897539,,,,,,,,,,,,BALANCO,APOIO,,,,,50.96845951298775,,,,36.732146662561995,36.25713144910366,222.55729441367117,434.18880876986105
148,4.933333333333334,158.104374770352,159.4667956678113,110.89981184549025,,,,,,,,,,,,BALANCO,APOIO,,,,,50.96845951298775,,,,47.827476019803264,47.77232790942907,217.74419158260298,439.0026215788933
149,4.966666666666667,158.30195037341238,166.9652490258794,112.28353858921976,,,,,,,,,,,,BALANCO,APOIO,,,,,50.96845951298775,,,,57.78347208101372,57.783373729087955,212.77608611653082,444.00864956684154
150,5.0,158.4499380454159,176.86605906049104,120.43171745966065,,,,,,,,,,,,BALANCO,APOIO,,,,,50.96845951298775,,,,68.44970564613665,68.44745447983583,207.89780874265642,448.974629538518
151,5.033333333333333,,,,,,,,,,,,,,,BALANCO,APOIO,,,,,50.96845951298775,,,,73.97670139435819,73.97636262661389,203.27266736971484,453.7881305582856
152,5.066666666666666,,,,,,,,,,,,,,,BALANCO,APOIO,,,,,50.96845951298775,,,,76.84586748471055,76.79672430580385,198.1323586096218,459.03255439379257
153,5.1,,,,,,,,,,,,,,,BALANCO,APOIO,,,,,50.96845951298775,,,,78.47214389719652,78.32183483464985,192.80821917228425,464.3865463725974
154,5.133333333333334,,,,,,,,,,,,,,,APOIO,APOIO,CONTATO INICIAL,,2,E,76.36419439227758,,,,76.57427956970521,76.36419439227758,187.26573845975076,469.9291483175394
155,5.166666666666667,,,,,,,,,,,,,,,APOIO,BALANCO,,RETIRADA DO PE,,,76.36419439227758,,,,73.50644805330559,73.07725117726355,182.047917454164,475.14831858860776
156,5.2,,,,,,,,,,,,,,,APOIO,BALANCO,,,,,76.36419439227758,,,,67.05480213901033,66.14328741902199,177.98146965952031,479.25718987173013
157,5.233333333333333,,,,,,,,,,,,,,,APOIO,BALANCO,,,,,76.36419439227758,,,,60.548958849623276,59.15512082169274,172.77368055036146,484.48322087262
158,5.266666666666667,,,,,,,,,,,,,,,APOIO,BALANCO,,,,,76.36419439227758,,,,53.8927955696978,52.16389438667306,167.41910665599585,489.87487173549994
159,5.3,,,,,,,,,,,,,,,APOIO,BALANCO,,,,,76.36419439227758,,,,44.053494068406245,42.07877863892219,162.4083055261504,494.8938692006588
160,5.333333333333333,,,,,,,,,,,,,,,APOIO,BALANCO,,,,,76.36419439227758,,,,26.204780552621866,23.219141194183567,157.54617972408477,499.7561606300994
161,5.366666666666666,,,,,,,,,,,,,,,APOIO,BALANCO,,,,,76.36419439227758,,,,28.836415814262587,26.472863314272896,157.75584417382998,499.96660354985073
162,5.4,,,,,,,,,,,,,,,APOIO,BALANCO,,,,,76.36419439227758,,,,5.55804148978821,2.406912039261895,148.08508508932255,509.6393446988621
163,5.433333333333334,,,,,,,,,,,,,,,APOIO,BALANCO,,,,,76.36419439227758,,,,11.923683425999302,10.327127053080648,143.15154486116054,514.575243324244
164,5.466666666666667,,,,,,,,,,,,,,,APOIO,BALANCO,,,,,76.36419439227758,,,,24.286453560575794,23.368046009790156,137.68937396000916,520.0375084793242
165,5.5,,,,,,,,,,,,,,,APOIO,BALANCO,,,,,76.36419439227758,,,,40.187951938118886,38.84282543342088,132.88547249799578,524.8430658735876
166,5.533333333333333,,,,,,,,,,,,,,,APOIO,BALANCO,,,,,76.36419439227758,,,,52.89244720476112,51.502488613902386,128.62964260629778,529.1013395374412
167,5.566666666666666,164.3798788431825,179.40520974068946,102.92475913069165,,,,,,,,,,,,APOIO,BALANCO,,,,,76.36419439227758,,,,61.39778514492887,60.15396112376771,123.91044400835064,533.8486394661774
168,5.6,160.85666163279734,179.8356754784382,101.7709102290474,,,,,,,,,,,,APOIO,BALANCO,,,,,76.36419439227758,,,,67.43921610485452,66.10836155738404,118.86736159087113,539.0434232406527
169,5.633333333333334,160.6270040899126,177.90220831884113,98.33849735410543,,,,,,,,,,,,APOIO,BALANCO,,,,,76.36419439227758,,,,71.2965895613076,69.5352486347684,113.48146807214557,544.627047500631
170,5.666666666666667,162.88477013892458,171.52061650404966,93.20950773313496,,,,,,,,,,,,APOIO,BALANCO,,,,,76.36419439227758,,,,73.05003501380632,70.68443624736115,108.0454369272639,550.1743228695454
171,5.7,163.7640434685062,164.47707456817483,89.64718336152976,,,,,,,,,,,,APOIO,APOIO,,CONTATO INICIAL,3,D,70.04226374007321,1,D,158.38648764982005,72.56441691635105,70.04226374007321,103.54572704364661,554.7481132677468
172,5.733333333333333,163.00401332002443,157.68789554003644,90.97838815645322,,,,,,,,,,,,BALANCO,APOIO,RETIRADA DO PE,,,,70.04226374007321,,,158.38648764982005,70.76060981386532,67.4319599183315,100.72931036947897,557.7802150321153
173,5.766666666666667,171.5912702683429,137.08893169560523,94.30232695543909,,,,,,,,,,,,BALANCO,APOIO,,,,,70.04226374007321,,,158.38648764982005,66.79954064368181,62.04063518770542,95.3448812016481,563.1697656715804
174,5.8,177.17783468174278,128.58019110646288,97.66884977044855,,,,,,,,,,,,BALANCO,APOIO,,,,,70.04226374007321,,,158.38648764982005,62.485579299861435,56.83786202676054,89.13788570269062,569.3832585446337
175,5.833333333333333,177.1058529500654,123.88987410568794,95.32962508172751,,,,,,,,,,,,BALANCO,APOIO,,,,,70.04226374007321,,,158.38648764982005,56.8664715091661,49.855487265059615,76.62405657213351,584.1346308682923
176,5.866666666666666,172.8679861685006,121.78342532283071,94.99498517629779,,,,,,,,,,,,BALANCO,APOIO,,,,,70.04226374007321,,,158.38648764982005,49.624081575724716,41.29821404409264,74.67631142629229,586.2524355435226
177,5.9,167.17333913962707,120.20834848683823,94.98015789609647,,,,,,,,,,,,BALANCO,APOIO,,,,,70.04226374007321,,,158.38648764982005,42.63937915178071,32.341369732722065,71.41989009224032,589.5718444560315
178,5.933333333333334,162.46880349219072,119.92792087683212,99.2198535632157,,,,,,,,,,,,BALANCO,APOIO,,,,,70.04226374007321,,,158.38648764982005,31.43662217162586,16.492940415122423,68.07859104625409,592.929844205412
179,5.966666666666667,155.26075186981117,119.78758822683228,107.6560133937192,,,,,,,,,,,,BALANCO,APOIO,,,,,70.04226374007321,,,158.38648764982005,28.041333382391105,4.565977225598687,63.15213762074297,597.906575954973
180,6.0,157.91821643353825,133.84819901355868,106.31312097841435,,,,,,,,,,,,BALANCO,APOIO,,,,,70.04226374007321,,,158.38648764982005,19.937153823428858,4.4353658681841885,58.896804952669655,602.1814973897607
181,6.033333333333333,159.70199598168625,146.06991463449788,104.7720856015289,,,,,,,,,,,,BALANCO,APOIO,,,,,70.04226374007321,,,158.38648764982005,22.08606007543362,15.850505636032434,55.865576744641835,605.2239800632937
182,6.066666666666666,162.13905413823034,159.7631893012992,108.73666970976822,,,,,,,,,,,,BALANCO,APOIO,,,,,70.04226374007321,,,158.38648764982005,27.734303258137555,24.458550306677104,51.44347745844403,609.6523339172705
183,6.1,161.6967339553997,167.47207131913635,114.93781555424609,,,,,,,,,,,,BALANCO,APOIO,,,,,70.04226374007321,,,158.38648764982005,37.7052897920332,36.05669022439677,47.28854025059218,613.812577689617
184,6.133333333333334,162.44786417557734,173.17096485203962,113.85430777529517,,,,,,,,,,,,BALANCO,APOIO,,,,,70.04226374007321,,,158.38648764982005,44.55144986854902,43.681849460923736,44.935732698492195,616.590252584027
185,6.166666666666667,159.76992378697298,173.11324923805813,110.32274181289888,,,,,,,,,,,,BALANCO,APOIO,,,,,70.04226374007321,,,158.38648764982005,50.05580281786136,49.43218057657166,41.45194630005547,620.256666897616
186,6.2,160.36006632077437,173.92284549716695,104.39389432706417,,,,,,,,,,,,BALANCO,APOIO,,,,,70.04226374007321,,,158.38648764982005,54.10423581810262,53.72769000631954,37.35847084981227,624.4770566290644
187,6.233333333333333,162.8815212203933,175.26277324705362,102.83490547090003,,,,,,,,,,,,BALANCO,APOIO,,,,,70.04226374007321,,,158.38648764982005,55.71220784440474,55.45885874763273,33.241721509136205,628.9062054944411
188,6.266666666666667,162.86756927420828,172.95351902392238,98.893674896026,,,,,,,,,,,,APOIO,APOIO,CONTATO INICIAL,,4,E,57.871256638753906,2,E,158.38648764982005,57.91848741910409,57.871256638753906,30.85885651572359,631.6565465787327
189,6.3,166.44182334065263,173.49515581291155,97.2969963886113,,,,,,,,,,,,APOIO,APOIO,,,,,57.871256638753906,,,158.38648764982005,58.39186070180176,58.37492777858274,29.684059154461078,633.5331515227705
190,6.333333333333333,169.95793405176127,176.5153552109005,98.02916400193025,,,,,,,,,,,,APOIO,APOIO,,,,,57.871256638753906,,,158.38648764982005,58.07881198609105,58.07711814736956,27.13545204215068,636.6646723995974
191,6.366666666666666,170.70969394753405,176.42877790090077,96.46507586346357,,,,,,,,,,,,APOIO,APOIO,,,,,57.871256638753906,,,158.38648764982005,56.33727804460152,56.3320052885814,26.40641292842967,637.4343177109188
192,6.4,172.506973554089,177.11852895486732,96.7309102464507,,,,,,,,,,,,APOIO,BALANCO,,RETIRADA DO PE,,,57.871256638753906,,,158.38648764982005,50.13811791572989,50.11893929020593,23.75075520892111,640.1634719804522
193,6.433333333333334,167.49897457412294,166.51850089197612,88.69792292331363,,,,,,,,,,,,APOIO,BALANCO,,,,,57.871256638753906,,,158.38648764982005,45.58074921563349,45.5484378760221,21.001583931996613,642.929946707816
194,6.466666666666667,168.80007863541206,165.64850145727837,86.03099707682364,,,,,,,,,,,,APOIO,BALANCO,,,,,57.871256638753906,,,158.38648764982005,37.76559045051824,37.67879760802951,20.081583626413188,644.1767600469708
195,6.5,173.92361974234257,167.137683562961,86.91475416801154,,,,,,,,,,,,APOIO,BALANCO,,,,,57.871256638753906,,,158.38648764982005,29.46215262195621,29.24168858436255,18.284599688777334,645.9891825049536
196,6.533333333333333,174.2942183854264,165.68045939000916,116.49340193632344,,,,,,,,,,,,BALANCO,BALANCO,RETIRADA DO PE,,,,57.871256638753906,,,158.38648764982005,10.308645087030843,9.005364594747444,17.440301680053786,646.8416912773547
197,6.566666666666666,176.25571194187077,170.04159444398005,119.18975674265025,,,,,,,,,,,,BALANCO,BALANCO,,,,,57.871256638753906,,,158.38648764982005,4.947127819906076,1.5357762487955147,15.333756422074933,649.0687289138859
198,6.6,178.77410978563384,173.8103659426979,112.25454727741786,,,,,,,,,,,,BALANCO,BALANCO,,,,,57.871256638753906,,,158.38648764982005,5.631244008534922,3.616203606488169,13.465797910010714,651.1351436834053
199,6.633333333333334,179.78602114191878,178.8366841736573,110.50694802251938,,,,,,,,,,,,BALANCO,BALANCO,,,,,57.871256638753906,,,158.38648764982005,8.721177388252054,8.195775253825781,11.211991816184396,653.8595471792745
200,6.666666666666667,178.7118401540271,178.74820459126363,88.299652096041,,,,,,,,,,,,APOIO,BALANCO,CONTATO INICIAL,,,,57.871256638753906,,,158.38648764982005,13.812010348689437,13.227984319512501,8.415005111351004,657.4492667977528
201,6.7,179.9557653398252,178.457438143002,70.7176040964742,,,,,,,,,,,,APOIO,BALANCO,,,,,57.871256638753906,,,158.38648764982005,21.152360166190658,20.35032479956725,6.692898407197786,660.1273598550771
202,6.733333333333333,179.3766177263696,177.00069120631093,61.99506381429994,,,,,,,,,,,,APOIO,BALANCO,,,,,57.871256638753906,,,158.38648764982005,25.95538738886392,25.767068039007434,5.716460146713749,662.4668706024636
203,6.766666666666667,178.76425252307993,175.71924686709136,44.06071746961891,,,,,,,,,,,,APOIO,BALANCO,,,,,57.871256638753906,,,158.38648764982005,26.99992855244386,26.945673805395362,6.19175504846098,665.2761572742629
204,6.8,179.29751355959496,176.2639313622903,27.843969293513997,,,,,,,,,,,,APOIO,BALANCO,,,,,57.871256638753906,,,158.38648764982005,30.02227776717354,27.260749663575986,7.682903427941627,668.1239232832681
205,6.833333333333333,178.1742581099848,176.66439994802764,13.471651585189214,,,,,,,,,,,,APOIO,BALANCO,,,,,57.871256638753906,,,158.38648764982005,31.03317984014428,26.340962453831715,8.215884807647083,669.080225352951
206,6.866666666666666,176.50497608331509,176.77669221761573,9.49901864530861,,,,,,,,,,,,APOIO,BALANCO,,,,,57.871256638753906,,,158.38648764982005,31.350545112596855,26.087782740931857,8.276236008093974,670.386179788216
207,6.9,175.036983801075,176.39945633815563,18.60504589503288,,,,,,,,,,,,APOIO,APOIO,,CONTATO INICIAL,5,D,24.062738445436047,3,D,92.06507396524783,29.778843090918127,24.062738445436047,8.91879099509323,671.2010049178107
208,6.933333333333334,174.16494139273667,175.30522473128516,41.88200472209398,,,,,,,,,,,,APOIO,APOIO,,,,,24.062738445436047,,,92.06507396524783,31.437403523036096,24.31884686012532,9.533549269073456,671.9096163707005
209,6.966666666666667,173.29021553322679,174.99453182698312,55.60880078168415,,,,,,,,,,,,BALANCO,APOIO,RETIRADA DO PE,,,,24.062738445436047,,,92.06507396524783,30.841513792813885,23.601096361883663,11.059580481224527,673.6344958820108
210,7.0,173.540197670899,176.72493431412516,53.040611135242735,,,,,,,,,,,,BALANCO,APOIO,,,,,24.062738445436047,,,92.06507396524783,30.459536769130285,23.737390275008966,12.053543483980881,674.6915501083959
211,7.033333333333333,173.54991847284055,176.04903494288288,63.17825968514466,,,,,,,,,,,,BALANCO,APOIO,,,,,24.062738445436047,,,92.06507396524783,30.325179842542944,23.006875882401502,12.413206914506791,675.224388826584
212,7.066666666666666,172.23238896581952,173.07637894991572,66.73043608242779,,,,,,,,,,,,BALANCO,APOIO,,,,,24.062738445436047,,,92.06507396524783,28.429296213556615,21.60258523036061,13.017653262270462,676.6951822846786
213,7.1,172.2192859123246,170.70480856172233,64.3708602750481,,,,,,,,,,,,BALANCO,APOIO,,,,,24.062738445436047,,,92.06507396524783,25.858898685693628,19.52381892741419,13.820408510350502,677.5793141893355
214,7.133333333333334,170.98192829281874,165.89289031894052,64.16502209943215,,,,,,,,,,,,BALANCO,APOIO,,,,,24.062738445436047,,,92.06507396524783,21.365714179150967,15.052609246284927,14.736920054567246,678.5297375117057
215,7.166666666666667,169.86829679376797,161.16476334550276,73.2959906190394,,,,,,,,,,,,BALANCO,APOIO,,,,,24.062738445436047,,,92.06507396524783,16.587014032115622,10.042474723936332,15.054722446689881,679.0145342595933
216,7.2,172.61793842830176,160.2337725979212,78.96590275120867,,,,,,,,,,,,BALANCO,APOIO,,,,,24.062738445436047,,,92.06507396524783,12.574424844819436,6.3937494139955575,15.213284875006902,679.3626215105132
217,7.233333333333333,171.15493255837558,157.87340087624258,83.43671655658872,,,,,,,,,,,,BALANCO,BALANCO,,RETIRADA DO PE,,,24.062738445436047,,,92.06507396524783,9.097258760385694,3.692175005144929,15.42040993266883,679.5831362821623
218,7.266666666666667,173.01037106918304,160.832786212373,90.40965398413873,,,,,,,,,,,,BALANCO,BALANCO,,,,,24.062738445436047,,,92.06507396524783,7.500894310322177,1.9888944987816906,15.51356423235593,679.8004884033548
219,7.3,177.39450805028943,165.8285950259792,96.64716856484894,,,,,,,,,,,,APOIO,BALANCO,CONTATO INICIAL,,,,24.062738445436047,,,92.06507396524783,6.340124392471743,1.0483878166764848,15.426297388224977,679.9884331920254
220,7.333333333333333,179.09258680793795,171.60648717617676,104.27682707570895,,,,,,,,,,,,APOIO,BALANCO,,,,,24.062738445436047,,,92.06507396524783,3.8633968289066325,0.6532316349405183,15.394327548355825,680.0550130596301
221,7.366666666666666,179.6262230116543,170.5974231294631,103.57191376570259,,,,,,,,,,,,APOIO,BALANCO,,,,,24.062738445436047,,,92.06507396524783,21.919135001428725,20.32278626035335,15.365999461737875,680.0999032541064
222,7.4,176.56230620620937,177.72281760959845,106.00240891491052,,,,,,,,,,,,APOIO,BALANCO,,,,,24.062738445436047,,,92.06507396524783,20.57707516441599,18.492566201804134,15.446389867059167,680.1806343694518
223,7.433333333333334,174.99660673523888,179.48985934029935,106.1728866653087,,,,,,,,,,,,APOIO,BALANCO,,,,,24.062738445436047,,,92.06507396524783,20.65891489464333,18.41803729805858,15.41752630884539,680.2138427248353
224,7.466666666666667,174.13304901051296,178.34980637445085,105.671645013683,,,,,,,,,,,,APOIO,BALANCO,,,,,24.062738445436047,,,92.06507396524783,15.405908487614527,12.166570336668173,15.080662767110118,680.5535911710181
225,7.5,174.69603301643357,179.24748515926186,105.3312456459069,,,,,,,,,,,,APOIO,BALANCO,,,,,24.062738445436047,,,92.06507396524783,10.932380023235481,6.086891405612096,14.59998412192654,681.0386701684428
226,7.533333333333333,173.72989607198843,178.62257028929955,105.75372555750704,,,,,,,,,,,,APOIO,BALANCO,,,,,24.062738445436047,,,92.06507396524783,8.58991923032576,1.7105804048532725,14.329685709947881,681.3122850978557
227,7.566666666666666,172.9351692753034,177.60722579524642,106.50073270926751,,,,,,,,,,,,APOIO,APOIO,,CONTATO INICIAL,,,24.062738445436047,,,92.06507396524783,8.294004239682506,0.26336460121230076,14.052178921410109,681.5966174203977
228,7.6,171.31648685037223,175.29530463146568,108.03262811844543,,,,,,,,,,,,APOIO,APOIO,,,,,24.062738445436047,,,92.06507396524783,8.380586035330534,0.15762535302432473,13.793741478478786,681.8657731315515
229,7.633333333333334,170.23849432324246,173.12533579274583,109.19478449257689,,,,,,,,,,,,APOIO,APOIO,,,,,24.062738445436047,,,92.06507396524783,8.35471469785823,0.16453184381130292,13.649593071282059,682.0705179146662
230,7.666666666666667,169.87420026478424,172.5599026035474,109.20774882412704,,,,,,,,,,,,APOIO,APOIO,,,,,24.062738445436047,,,92.06507396524783,8.367855607939466,0.16601805068951342,13.54191683655612,682.3866417501808
231,7.7,170.0567526234273,173.11943240582906,108.77236590635039,,,,,,,,,,,,APOIO,APOIO,,,,,24.062738445436047,,,92.06507396524783,8.40211076408366,0.08283417747673194,13.445290167489967,682.8037555542807
232,7.733333333333333,169.68835941022797,172.78422307596446,108.69112946375806,,,,,,,,,,,,APOIO,APOIO,,,,,24.062738445436047,,,92.06507396524783,8.436768889923695,0.14167048506706503,13.17859662679035,683.2625182827564
233,7.766666666666667,169.62811183668978,172.24303399890928,109.00026818173245,,,,,,,,,,,,APOIO,APOIO,,,,,24.062738445436047,,,92.06507396524783,8.390381613936828,0.19342545400239516,13.098697981097878,683.5937040924647
234,7.8,170.79211416127285,173.36135368641342,108.58585861447808,,,,,,,,,,,,APOIO,APOIO,,,,,24.062738445436047,,,92.06507396524783,8.490342003486688,0.08091085092845954,12.949847805450046,683.8004858788545
235,7.833333333333333,171.1351652677135,173.717338348347,108.2873272697259,,,,,,,,,,,,APOIO,APOIO,,,,,24.062738445436047,,,92.06507396524783,8.476323439067906,0.2569389420623907,12.950570418904617,683.8741615188144
236,7.866666666666666,172.3382712301589,174.20637209067255,108.5171524016618,,,,,,,,,,,,APOIO,APOIO,,,,,24.062738445436047,,,92.06507396524783,8.486781527174138,0.301874844144755,13.016835028888066,684.0157349219079
237,7.9,173.58897903184067,174.76928027992454,108.70765306218271,,,,,,,,,,,,APOIO,APOIO,,,,,24.062738445436047,,,92.06507396524783,8.54553997282324,0.2767841750832014,13.039532467756029,684.1801980282243
238,7.933333333333334,173.72623862926463,174.99433612520517,108.75319054696827,,,,,,,,,,,,APOIO,APOIO,,,,,24.062738445436047,,,92.06507396524783,8.702450225387324,0.15412839566382946,13.052961603619712,684.422871117367
239,7.966666666666667,173.8437770114427,175.22631671900277,108.94659706194965,,,,,,,,,,,,APOIO,APOIO,,,,,24.062738445436047,,,92.06507396524783,9.069917608022806,0.4906231176774878,13.185224453787665,684.8294781696474
240,8.0,174.8250171672151,175.9508764580258,109.15453828336929,,,,,,,,,,,,APOIO,APOIO,,,,,24.062738445436047,,,92.06507396524783,9.058254708825967,0.4928524279948035,13.143711745121472,685.268052799361
241,8.033333333333333,176.39212243050235,176.65385161396455,109.57753856378122,,,,,,,,,,,,APOIO,APOIO,,,,,24.062738445436047,,,92.06507396524783,9.07907185011318,0.7055985714139351,12.967831181876187,685.5622300472222
242,8.066666666666666,176.55650186538992,176.82620831359284,108.79847516941962,,,,,,,,,,,,APOIO,APOIO,,,,,24.062738445436047,,,92.06507396524783,9.367351589519526,0.7638666234331877,12.867777221396954,685.7200601079983
243,8.1,176.76438609136807,177.0029111506078,108.39456878885774,,,,,,,,,,,,APOIO,APOIO,,,,,24.062738445436047,,,92.06507396524783,9.48501600870638,0.9648105357606477,12.710287102270554,686.0187211194126
244,8.133333333333333,176.95515294575793,177.50118971906605,108.06791283724569,,,,,,,,,,,,APOIO,APOIO,,,,,24.062738445436047,,,92.06507396524783,9.531503002617978,1.1530779776563123,12.65844607540018,686.2973750696157
245,8.166666666666666,177.2282244671193,178.70230497991813,107.48813657041163,,,,,,,,,,,,APOIO,APOIO,,,,,24.062738445436047,,,92.06507396524783,9.400589759431343,1.533328378643168,12.42317597498214,686.7102604665946
246,8.2,177.94642973217657,179.86152357977852,107.20324671719112,,,,,,,,,,,,APOIO,APOIO,,,,,24.062738445436047,,,92.06507396524783,9.310392847512006,1.9578590022072948,12.120514315431274,687.1295811700912
247,8.233333333333333,178.16197243385596,179.6731416419703,107.44545017256512,,,,,,,,,,,,APOIO,APOIO,,,,,24.062738445436047,,,92.06507396524783,8.86450824506587,2.0143348635792937,11.912330608568414,687.4813545478851
248,8.266666666666667,178.0989543810957,179.3666528420078,107.51793133211467,,,,,,,,,,,,APOIO,APOIO,,,,,24.062738445436047,,,92.06507396524783,8.538733199960996,1.9813760404566256,11.737090698839562,687.8161052734025
249,8.3,177.83128921656953,179.47810419804384,107.54861210223555,,,,,,,,,,,,APOIO,APOIO,,,,,24.062738445436047,,,92.06507396524783,8.3315582833367,1.896531112497609,11.491497744213216,688.1875499754734
250,8.333333333333334,177.6692142119863,179.59797450159866,107.56824851536076,,,,,,,,,,,,APOIO,APOIO,,,,,24.062738445436047,,,92.06507396524783,8.324511777655404,1.7113235082923777,11.092616483288941,688.8288595556003
251,8.366666666666667,177.11920838586335,180.0,107.56858882221469,,,,,,,,,,,,APOIO,APOIO,,,,,24.062738445436047,,,92.06507396524783,8.37637602650825,1.4354135725493,10.839779636130288,689.6409879471055
252,8.4,176.6121596709488,178.6584115572,108.0483721984836,,,,,,,,,,,,APOIO,APOIO,,,,,24.062738445436047,,,92.06507396524783,8.26490846164401,0.41548224639384546,10.38743385856105,691.1414681485425
253,8.433333333333334,176.42182171379594,177.98364932985896,108.28221636511087,,,,,,,,,,,,APOIO,APOIO,,,,,24.062738445436047,,,92.06507396524783,8.149154392015225,0.0752720071846609,10.276813896057037,691.8108075579498
254,8.466666666666667,176.2813723013454,177.5686008645582,108.6159391279726,,,,,,,,,,,,APOIO,APOIO,,,,,24.062738445436047,,,92.06507396524783,8.135037475670678,0.18477048453516937,10.487106705327948,692.6451498246879
255,8.5,176.6097910924944,177.18603123323504,109.16399965186831,,,,,,,,,,,,APOIO,APOIO,,,,,24.062738445436047,,,92.06507396524783,7.863590941558624,1.0338754436304296,10.716424465238816,693.2955730938107
256,8.533333333333333,177.19578700467727,176.79441533210806,109.8322320680701,,,,,,,,,,,,APOIO,APOIO,,,,,24.062738445436047,,,92.06507396524783,7.207082275091611,1.7145581938508359,11.115279772182681,694.0697167251118
257,8.566666666666666,177.20116716206525,176.25032935680466,110.15523335561113,,,,,,,,,,,,APOIO,APOIO,,,,,24.062738445436047,,,92.06507396524783,7.116172311710485,1.6597433872250722,11.448235190867807,694.8692911592177
258,8.6,177.28069818671347,175.45286959569032,110.52142575451674,,,,,,,,,,,,APOIO,APOIO,,,,,24.062738445436047,,,92.06507396524783,6.759174628172469,1.9008148852642155,11.664375841724764,695.6029711690608
259,8.633333333333333,177.70202681144343,175.0607254886022,110.82703159397074,,,,,,,,,,,,APOIO,APOIO,,,,,24.062738445436047,,,92.06507396524783,6.382730583312575,2.2746833390681673,11.903062305564132,696.0819791975053
260,8.666666666666666,178.0453538680532,175.1597258241925,110.6891199720613,,,,,,,,,,,,APOIO,APOIO,,,,,24.062738445436047,,,92.06507396524783,6.43387085271188,2.1527706630879004,11.93708250988567,696.6526482326391
261,8.7,178.6677795031671,175.66414945243343,109.80920238880637,,,,,,,,,,,,APOIO,APOIO,,,,,24.062738445436047,,,92.06507396524783,6.37278815981712,1.7782028178118499,11.957291098632219,697.1503301073012
262,8.733333333333333,179.09951387063182,176.8128510709621,108.60761672905703,,,,,,,,,,,,APOIO,APOIO,,,,,24.062738445436047,,,92.06507396524783,6.21081210007671,1.626041460663299,11.897610603679079,697.7843848242164
263,8.766666666666667,179.1809945560898,177.44441810390543,108.33896089818306,,,,,,,,,,,,APOIO,APOIO,,,,,24.062738445436047,,,92.06507396524783,5.993121040390004,1.4178850737798174,11.964035035541892,698.1473235787702
264,8.8,179.22848287488284,177.5088779078858,108.17098263144344,,,,,,,,,,,,APOIO,APOIO,,,,,24.062738445436047,,,92.06507396524783,5.90653241474713,1.4055145871170653,12.04781994830101,698.4443053292332
265,8.833333333333334,179.05353291227968,177.29173398950707,108.15249430399795,,,,,,,,,,,,APOIO,APOIO,,,,,24.062738445436047,,,92.06507396524783,5.901997981169722,1.290989233560845,12.136792925144173,698.6852674192924
266,8.866666666666667,179.15744116523672,177.11113351176135,108.18492564928624,,,,,,,,,,,,APOIO,APOIO,,,,,24.062738445436047,,,92.06507396524783,5.88892332203848,1.2770888280528763,12.161846712233565,699.0312462934912
267,8.9,178.9108763492077,176.46836235955507,108.15627519468416,,,,,,,,,,,,APOIO,APOIO,,,,,24.062738445436047,,,92.06507396524783,5.861560996691574,1.146390046704365,12.211040433102127,699.3586625223261
268,8.933333333333334,178.98528569718238,176.35272012989006,108.33264143992444,,,,,,,,,,,,APOIO,APOIO,,,,,24.062738445436047,,,92.06507396524783,5.707116372266434,1.2629261507428704,12.36782842875849,699.901615353005
269,8.966666666666667,178.18371542943987,175.47125743512797,108.72917618017506,,,,,,,,,,,,APOIO,APOIO,,,,,24.062738445436047,,,92.06507396524783,5.583329545700776,1.4792566754565095,12.437390560252966,700.2702363217697
270,9.0,177.9551207323762,175.43279691684046,108.64524463801375,,,,,,,,,,,,APOIO,APOIO,,,,,24.062738445436047,,,92.06507396524783,5.5674545886832,1.4150875078914211,12.607047632195744,700.8426586592677
271,9.033333333333333,177.44802043336142,175.12210974824447,108.52530650949754,,,,,,,,,,,,APOIO,APOIO,,,,,24.062738445436047,,,92.06507396524783,5.537300502943515,1.2665979559713905,12.802512522658773,701.159379094832
272,9.066666666666666,177.65214605625633,176.25132168033244,106.46799022982393,,,,,,,,,,,,APOIO,APOIO,,,,,24.062738445436047,,,92.06507396524783,4.89765065425146,0.9613572903671587,12.90165672782469,701.3943098512249
273,9.1,177.0094499408315,176.20475616941647,105.43125111581261,,,,,,,,,,,,APOIO,APOIO,,,,,24.062738445436047,,,92.06507396524783,4.7135064802435505,0.8834625651621263,13.171412838212676,701.6685053088559
274,9.133333333333333,177.00846821199502,176.57011767061297,105.74937883812241,,,,,,,,,,,,APOIO,APOIO,,,,,24.062738445436047,,,92.06507396524783,5.271894757771871,0.8467445128769259,13.381891423343362,701.9120420935342
275,9.166666666666666,176.62240403853608,177.60812575733402,106.28221736514814,,,,,,,,,,,,APOIO,APOIO,,,,,24.062738445436047,,,92.06507396524783,6.229328899100223,0.5450445166001956,13.42868645002246,702.097077923369
276,9.2,176.86737114335833,178.4265392162198,105.4342465845174,,,,,,,,,,,,APOIO,APOIO,,,,,24.062738445436047,,,92.06507396524783,7.421663638125517,1.041962157526575,13.447127436103196,702.118494155253
277,9.233333333333333,177.2017966863039,179.40323912581266,107.01118962386076,,,,,,,,,,,,APOIO,BALANCO,,RETIRADA DO PE,,,24.062738445436047,,,92.06507396524783,6.985037776690881,1.8990226946169617,13.456380713118818,702.1504789810913
278,9.266666666666667,177.5496763118506,179.93744274210025,106.78164013146615,,,,,,,,,,,,APOIO,BALANCO,,,,,24.062738445436047,,,92.06507396524783,8.998231348131622,2.7065575730893343,13.52556173090096,702.2281979406476
279,9.3,177.79167196779565,179.58930705063864,106.16177505966567,,,,,,,,,,,,APOIO,BALANCO,,,,,24.062738445436047,,,92.06507396524783,11.818944089056593,4.064382404202645,13.65035529870673,702.3702650456497
280,9.333333333333334,177.72127104870134,179.49487032065673,106.74494809775581,,,,,,,,,,,,APOIO,BALANCO,,,,,24.062738445436047,,,92.06507396524783,13.444202832310687,5.896613213234147,13.657186659550415,702.3783220684111
281,9.366666666666667,177.59865221372652,179.80020804885055,113.42752834876677,,,,,,,,,,,,APOIO,BALANCO,,,,,24.062738445436047,,,92.06507396524783,16.515588678027505,8.414772208526799,13.635080698236003,702.4905979524933
282,9.4,177.74988044103648,179.83214121092675,114.1565033348238,,,,,,,,,,,,APOIO,BALANCO,,,,,24.062738445436047,,,92.06507396524783,17.600854368868557,9.747768642380592,13.608089924608649,702.5382256889424
283,9.433333333333334,178.10091137571695,178.2838819136916,113.57240154562894,,,,,,,,,,,,APOIO,BALANCO,,,,,24.062738445436047,,,92.06507396524783,23.199989888638978,16.54065202710968,13.543487735370405,702.6065040748823
284,9.466666666666667,177.87109174937373,177.75973100370726,113.20430636124784,,,,,,,,,,,,APOIO,BALANCO,,,,,24.062738445436047,,,92.06507396524783,27.298216283296167,22.468606720687266,13.310970122874787,702.8581244999591
285,9.5,177.4851832415099,177.2586883568394,113.49704410618808,,,,,,,,,,,,APOIO,BALANCO,,,,,24.062738445436047,,,92.06507396524783,30.996120288116845,27.013733338024,13.265938600864596,702.99638013701
286,9.533333333333333,175.9616276066645,178.0526766868854,115.55080416132827,,,,,,,,,,,,APOIO,BALANCO,,,,,24.062738445436047,,,92.06507396524783,33.868302504192634,30.32845550807047,13.198786091551336,703.1015035864597
287,9.566666666666666,175.39189305721726,178.1989721287196,118.22826737071064,,,,,,,,,,,,APOIO,BALANCO,,,,,24.062738445436047,,,92.06507396524783,36.5042242705979,33.1959605436766,13.212291723357279,703.1365141266938
288,9.6,174.650857501729,178.44140978489938,119.54738722451567,,,,,,,,,,,,APOIO,BALANCO,,,,,24.062738445436047,,,92.06507396524783,37.6125712460172,34.88660829157505,13.233966028997505,703.1673633805143
289,9.633333333333333,173.7858351949719,178.84614250380923,119.52062582023731,,,,,,,,,,,,APOIO,BALANCO,,,,,24.062738445436047,,,92.06507396524783,38.51248590276128,36.187126733943245,13.27217711815576,703.2222970930816
290,9.666666666666666,173.4425826542143,179.22620361191224,119.08126762318172,,,,,,,,,,,,APOIO,APOIO,,CONTATO INICIAL,,,24.062738445436047,,,92.06507396524783,39.11924625277834,36.988454513100734,13.28478392264014,703.2868351443994
291,9.7,171.2415058937025,179.23972428886165,119.90911439581181,,,,,,,,,,,,APOIO,APOIO,,,,,24.062738445436047,,,92.06507396524783,39.04664887157487,37.57428229491771,13.37205349876903,703.3798603678558
292,9.733333333333333,170.19682715662424,178.39660145694583,119.34382214155718,,,,,,,,,,,,APOIO,APOIO,,,,,24.062738445436047,,,92.06507396524783,38.31457450814487,37.449440917148024,13.403523383015552,703.4699015452209
293,9.766666666666667,169.37997446517892,177.5137541344529,118.32530256321208,,,,,,,,,,,,APOIO,APOIO,,,,,24.062738445436047,,,92.06507396524783,37.99375872229675,37.327703089035786,13.442564999546924,703.6235340512434
294,9.8,169.56669963756613,177.60232285403924,118.24304399332007,,,,,,,,,,,,APOIO,APOIO,,,,,24.062738445436047,,,92.06507396524783,37.88877623753756,37.303268099479325,13.459232918965972,703.6735043692055
295,9.833333333333334,169.91618594544664,177.87274717499403,117.2354512589566,,,,,,,,,,,,APOIO,APOIO,,,,,24.062738445436047,,,92.06507396524783,37.295621237251176,36.68522459797879,13.595253632297487,703.8635689748384
296,9.866666666666667,170.21103816229413,177.93872459864681,116.66636366551508,,,,,,,,,,,,APOIO,APOIO,,,,,24.062738445436047,,,92.06507396524783,37.03651582082404,36.397250159342,13.80024090157302,704.2497103744412
297,9.9,170.35850841357708,177.8239016301546,116.24497044898604,,,,,,,,,,,,APOIO,APOIO,,,,,24.062738445436047,,,92.06507396524783,37.039179518813484,36.37880370926539,14.087270068923297,704.6988484022442
298,9.933333333333334,170.86496289688074,177.79317915219988,115.46326546278706,,,,,,,,,,,,APOIO,APOIO,,,,,24.062738445436047,,,92.06507396524783,37.115197361435186,36.438645392096866,14.390379776135978,705.4251012195682
299,9.966666666666667,170.32262570005244,177.6681228105109,115.59148014984032,,,,,,,,,,,,APOIO,APOIO,,,,,24.062738445436047,,,92.06507396524783,37.31268256437328,36.71573555094911,14.704116955327038,706.2478348001936
300,10.0,170.47294102133938,177.9416700713347,115.8597138038785,,,,,,,,,,,,APOIO,APOIO,,,,,24.062738445436047,,,92.06507396524783,37.55486052157727,36.88927205996369,14.91678523680494,706.765911679774
301,10.033333333333333,170.42654538499917,177.96490639012524,115.28595947057566,,,,,,,,,,,,APOIO,APOIO,,,,,24.062738445436047,,,92.06507396524783,37.60583960309824,36.83436982940391,15.097330686529167,707.2054063524807
302,10.066666666666666,170.36544373160464,178.12267714227062,114.62407541690324,,,,,,,,,,,,APOIO,APOIO,,,,,24.062738445436047,,,92.06507396524783,37.72530440892616,36.89036485913884,15.188976923354552,707.4211351546486
303,10.1,170.32963717955474,178.2038685585396,113.98732777303535,,,,,,,,,,,,APOIO,APOIO,,,,,24.062738445436047,,,92.06507396524783,37.78484830398241,36.86877114743778,15.324694384914961,707.7197979589365
304,10.133333333333333,170.24417612225173,178.1460699466314,113.8258218103082,,,,,,,,,,,,APOIO,APOIO,,,,,24.062738445436047,,,92.06507396524783,37.75451766287598,36.82095025553301,15.408346795774092,707.8866667174996
305,10.166666666666666,170.07205256069534,178.0091436014579,112.7546389553069,,,,,,,,,,,,APOIO,APOIO,,,,,24.062738445436047,,,92.06507396524783,37.730809384771,36.77758798426287,15.44942511676816,707.9441103624614
306,10.2,169.99030126466099,177.82606125321288,112.27505387551211,,,,,,,,,,,,APOIO,APOIO,,,,,24.062738445436047,,,92.06507396524783,37.63014892074956,36.65838545023699,15.48228968596197,707.9903772971406
307,10.233333333333333,170.0070945012909,177.7472724794459,111.98209391883837,,,,,,,,,,,,APOIO,APOIO,,,,,24.062738445436047,,,92.06507396524783,37.53502348455027,36.57389021801402,15.497774650273913,708.0073506747393
308,10.266666666666667,170.04372746019206,177.66829068519783,111.79814295022679,,,,,,,,,,,,APOIO,APOIO,,,,,24.062738445436047,,,92.06507396524783,37.451514503582885,36.48275076680611,15.520386031206835,708.0316892946693
309,10.3,170.1049084844684,177.6566520056833,111.67050576690228,,,,,,,,,,,,APOIO,APOIO,,,,,24.062738445436047,,,92.06507396524783,37.3987678193961,36.42802338411436,15.529366108428668,708.0700021320749
310,10.333333333333334,170.14730834732396,177.65924267127232,111.58527875752688,,,,,,,,,,,,APOIO,APOIO,,,,,24.062738445436047,,,92.06507396524783,37.368614758155644,36.39816811064913,15.536182443283696,708.0772153870113
311,10.366666666666667,170.18886747518198,177.64981303727276,111.54392873685953,,,,,,,,,,,,APOIO,APOIO,,,,,24.062738445436047,,,92.06507396524783,37.32550929469166,36.355505230851094,15.5439235594407,708.1034073020306
312,10.4,170.23319829043177,177.6965822497719,111.32280524282675,,,,,,,,,,,,APOIO,APOIO,,,,,24.062738445436047,,,92.06507396524783,37.31664122938528,36.35401902397288,15.55439394153765,708.1201994259732
313,10.433333333333334,170.27182595257997,177.732464343547,111.16572194848268,,,,,,,,,,,,APOIO,APOIO,,,,,24.062738445436047,,,92.06507396524783,37.286449920173695,36.35152744185353,15.565208555374777,708.1317970266841
314,10.466666666666667,170.3177308095203,177.75842091645114,111.0897483034851,,,,,,,,,,,,APOIO,APOIO,,,,,24.062738445436047,,,92.06507396524783,37.264184136979914,36.352401681193655,15.570290071539246,708.1421435671011
315,10.5,170.34764621678687,177.76734466153843,110.99891174165988,,,,,,,,,,,,APOIO,APOIO,,,,,24.062738445436047,,,92.06507396524783,37.24675945413207,36.34977896317328,15.576876918567491,708.1487304748256
316,10.533333333333333,170.3801670725994,177.79140610079224,110.95565077088364,,,,,,,,,,,,APOIO,APOIO,,,,,24.062738445436047,,,92.06507396524783,37.243858072322034,36.35244539316066,15.579051588926049,708.1562224102263
317,10.566666666666666,170.40771326980897,177.81635976128223,111.04853392188114,,,,,,,,,,,,APOIO,APOIO,,,,,24.062738445436047,,,92.06507396524783,37.25199396218106,36.37596243140999,15.583170075817414,708.1639469022825
318,10.6,170.43665353506108,177.84505022984462,111.26309928366103,,,,,,,,,,,,APOIO,APOIO,,,,,24.062738445436047,,,92.06507396524783,37.25282722155212,36.406560808314325,15.588109528089113,708.1726607837903
319,10.633333333333333,170.46333068511612,177.87054022668326,111.45759452444241,,,,,,,,,,,,APOIO,APOIO,,,,,24.062738445436047,,,92.06507396524783,37.261651574891495,36.437159185218654,15.589800634812665,708.1778969343063
320,10.666666666666666,170.4866100108908,177.88603722655154,111.69925308109512,,,,,,,,,,,,APOIO,APOIO,,,,,24.062738445436047,,,92.06507396524783,37.26966725684125,36.46906892113318,15.591233567731088,708.183493602832
321,10.7,170.50799908447476,177.91728301103186,112.08337119141423,,,,,,,,,,,,APOIO,APOIO,,,,,24.062738445436047,,,92.06507396524783,37.27515037670259,36.50609295718742,15.592800368548465,708.1897718648236
322,10.733333333333333,170.52528586278189,178.00717848350507,113.08377594633123,,,,,,,,,,,,APOIO,APOIO,,,,,24.062738445436047,,,92.06507396524783,37.30023558176827,36.592074396288595,15.591609217447546,708.1977227578691
323,10.766666666666667,170.53601771604534,178.10194218304696,113.81057984246746,,,,,,,,,,,,APOIO,APOIO,,,,,24.062738445436047,,,92.06507396524783,37.34426992453113,36.687322772395085,15.591047791871311,708.2027229560749
324,10.8,170.55035950714898,178.18166934597573,114.40841817015522,,,,,,,,,,,,APOIO,APOIO,,,,,24.062738445436047,,,92.06507396524783,37.379305066086594,36.7559068486278,15.590113448576554,708.2078721162015
325,10.833333333333334,170.56761901758347,178.28319783216395,114.86170081133915,,,,,,,,,,,,APOIO,APOIO,,,,,24.062738445436047,,,92.06507396524783,37.431054571026046,36.84101404838886,15.588446929834443,708.2185365722019
326,10.866666666666667,170.57889935744083,178.37297557039733,115.01822836250437,,,,,,,,,,,,APOIO,APOIO,,,,,24.062738445436047,,,92.06507396524783,37.48729274857745,36.9084179015124,15.588471517815885,708.2288889801447
327,10.9,170.58119459481642,178.4426658784358,115.16149063721925,,,,,,,,,,,,APOIO,APOIO,,,,,24.062738445436047,,,92.06507396524783,37.532444478496906,36.96537459452147,15.58560701797801,708.2412909087953
328,10.933333333333334,170.58620431039066,178.48482998774537,115.22340618529353,,,,,,,,,,,,APOIO,APOIO,,,,,24.062738445436047,,,92.06507396524783,37.5588000626037,36.99955735272031,15.586620589212965,708.2516233136577
329,10.966666666666667,170.5892949523718,178.5337962302052,115.2351942954509,,,,,,,,,,,,APOIO,APOIO,,,,,24.062738445436047,,,92.06507396524783,37.5969387538166,37.042263944485356,15.585418510120295,708.2662677043677
330,11.0,170.5956673553315,178.6012824152048,115.28747404787403,,,,,,,,,,,,APOIO,APOIO,,,,,24.062738445436047,,,92.06507396524783,37.64214512369482,37.09651049554004,15.583650907454482,708.2837185346235
331,11.033333333333333,170.60656258246019,178.6714567949517,115.34472648624428,,,,,,,,,,,,APOIO,APOIO,,,,,24.062738445436047,,,92.06507396524783,37.67764197290178,37.142932604500615,15.580746793646508,708.2988585962016
332,11.066666666666666,170.6150197172411,178.71671054500575,115.31448466916878,,,,,,,,,,,,APOIO,APOIO,,,,,24.062738445436047,,,92.06507396524783,37.69915645666264,37.169247208638346,15.57861173725805,708.3189952885806
333,11.1,170.621430399027,178.75290313752316,115.29848457366359,,,,,,,,,,,,APOIO,APOIO,,,,,24.062738445436047,,,92.06507396524783,37.714144197349896,37.189092441659156,15.577329064226213,708.3402425901467
334,11.133333333333333,170.62761474557877,178.78308173609807,115.28549112631195,,,,,,,,,,,,APOIO,APOIO,,,,,24.062738445436047,,,92.06507396524783,37.725995604404446,37.20504730961641,15.573747414929642,708.3633662847242
335,11.166666666666666,170.63869378675724,178.81551382530046,115.25133141962934,,,,,,,,,,,,APOIO,APOIO,,,,,24.062738445436047,,,92.06507396524783,37.73208795980593,37.21357114318262,15.572246182062774,708.3772932298313
336,11.2,170.6483776018549,178.838030650639,115.19347197256639,,,,,,,,,,,,APOIO,APOIO,,,,,24.062738445436047,,,92.06507396524783,37.73445387002015,37.21628128513701,15.570955313037121,708.3898281086003
337,11.233333333333333,170.65678810460813,178.85670548258366,115.14692728655294,,,,,,,,,,,,APOIO,APOIO,,,,,24.062738445436047,,,92.06507396524783,37.736158636733386,37.218335747586295,15.569195906365122,708.4043759375903
338,11.266666666666667,170.66417450678995,178.87238836907446,115.11884680747872,,,,,,,,,,,,APOIO,APOIO,,,,,24.062738445436047,,,92.06507396524783,37.73771587555798,37.21995309036552,15.565052831492316,708.4201843808632
339,11.3,170.66929156475607,178.88407595817168,115.08421530663567,,,,,,,,,,,,APOIO,APOIO,,,,,24.062738445436047,,,92.06507396524783,37.73840160704039,37.22043392200259,15.562339957539995,708.4333593528758
340,11.333333333333334,170.67405313683287,178.89023035252657,114.97019437563718,,,,,,,,,,,,APOIO,APOIO,,,,,24.062738445436047,,,92.06507396524783,37.73796448737033,37.21540704579688,15.561062748504034,708.4440188231132
341,11.366666666666667,170.6763715882088,178.89695113992892,114.87858123797616,,,,,,,,,,,,APOIO,APOIO,,,,,24.062738445436047,,,92.06507396524783,37.74233841606888,37.216587268906046,15.560769058725711,708.4541309006124
342,11.4,170.67942860200824,178.9044273384767,114.82596007932142,,,,,,,,,,,,APOIO,APOIO,,,,,24.062738445436047,,,92.06507396524783,37.74593918935102,37.2190788510254,15.557205167415736,708.4661259136445
343,11.433333333333334,170.68105238581347,178.91267452835316,114.76662132408615,,,,,,,,,,,,APOIO,APOIO,,,,,24.062738445436047,,,92.06507396524783,37.749168410913605,37.220215362167565,15.554051075796446,708.4767427544424
344,11.466666666666667,170.68044079795573,178.9153773860852,114.60400295630524,,,,,,,,,,,,APOIO,APOIO,,,,,24.062738445436047,,,92.06507396524783,37.7552033943584,37.21737408431216,15.552552574927516,708.48540732859
345,11.5,170.67900688585107,178.92207340805265,114.53905950506567,,,,,,,,,,,,APOIO,APOIO,,,,,24.062738445436047,,,92.06507396524783,37.7592057713374,37.21776749201521,15.553156346471788,708.4964771427833
346,11.533333333333333,170.6802931792603,178.93082262003418,114.48749706870855,,,,,,,,,,,,APOIO,APOIO,,,,,24.062738445436047,,,92.06507396524783,37.763426708151435,37.21855430742133,15.54906927755671,708.5099613561522
347,11.566666666666666,170.67843759903525,178.9343056909019,114.40858505789787,,,,,,,,,,,,APOIO,APOIO,,,,,24.062738445436047,,,92.06507396524783,37.7642463075328,37.214357958588735,15.546838601240426,708.52027398938
348,11.6,170.6818538370231,178.93082262003418,114.41240853525635,,,,,,,,,,,,APOIO,APOIO,,,,,24.062738445436047,,,92.06507396524783,37.749785842447565,37.197135443588294,15.532681387926294,708.5565716981699
349,11.633333333333333,170.68839454562425,178.93265439853744,114.33824171679794,,,,,,,,,,,,APOIO,APOIO,,,,,24.062738445436047,,,92.06507396524783,37.753941211311094,37.18856789805508,15.528920792764794,708.5663965156907
350,11.666666666666666,170.69050542326144,178.9341220876545,114.23774160028206,,,,,,,,,,,,APOIO,APOIO,,,,,24.062738445436047,,,92.06507396524783,37.765188846821374,37.18555177233165,15.522377657703554,708.5810849118442
351,11.7,170.68866893289453,178.92735085791097,114.136130742778,,,,,,,,,,,,APOIO,APOIO,,,,,24.062738445436047,,,92.06507396524783,37.776089518593544,37.18577033216668,15.518785080415233,708.5892163948891
352,11.733333333333333,170.68864782589688,178.93173811670601,114.0268698109076,,,,,,,,,,,,APOIO,APOIO,,,,,24.062738445436047,,,92.06507396524783,37.79481190046188,37.190797208372395,15.51811574092045,708.5927679922083
353,11.766666666666667,170.6889222205652,178.93577565707764,113.80322081133657,,,,,,,,,,,,APOIO,APOIO,,,,,24.062738445436047,,,92.06507396524783,37.8172033555608,37.1886990339561,15.515670602766042,708.5995358694505
354,11.8,170.68655846782497,178.93780018176201,113.74241976443413,,,,,,,,,,,,APOIO,APOIO,,,,,24.062738445436047,,,92.06507396524783,37.82991534196579,37.19140917591048,15.512396303237484,708.6095095181616
355,11.833333333333334,170.69027320349954,178.9422307748014,113.68549559127057,,,,,,,,,,,,APOIO,APOIO,,,,,24.062738445436047,,,92.06507396524783,37.84020404619987,37.19241455115162,15.5124659691849,708.611019490287
356,11.866666666666667,170.68822569590276,178.94371176846622,113.6109639593669,,,,,,,,,,,,APOIO,APOIO,,,,,24.062738445436047,,,92.06507396524783,37.8507632182298,37.190840920339404,15.510359598774789,708.6160950248701
357,11.9,170.67909122756956,178.9343056909019,113.57272384586653,,,,,,,,,,,,APOIO,APOIO,,,,,24.062738445436047,,,92.06507396524783,37.85026326260717,37.18253564660822,15.507249219122505,708.6249825143084
358,11.933333333333334,170.67812134347176,178.93338799067726,113.54357843332275,,,,,,,,,,,,APOIO,APOIO,,,,,24.062738445436047,,,92.06507396524783,37.85645396993442,37.18389071758541,15.507441824977127,708.6266616243528
359,11.966666666666667,170.6721145070192,178.94371176846622,113.59254962634728,,,,,,,,,,,,APOIO,APOIO,,,,,24.062738445436047,,,92.06507396524783,37.862967053018345,37.192195991316595,15.508861097905859,708.6344799054447
360,12.0,170.66950220285977,178.9481672595125,113.63089244198564,,,,,,,,,,,,APOIO,APOIO,,,,,24.062738445436047,,,92.06507396524783,37.86582199086344,37.19241455115162,15.50904004377079,708.6389883113391
361,12.033333333333333,170.66522717220275,178.95544796057007,113.76590016156833,,,,,,,,,,,,APOIO,APOIO,,,,,24.062738445436047,,,92.06507396524783,37.86379211639559,37.19761627522536,15.508598826103821,708.6430537043584
362,12.066666666666666,170.6640271430198,178.9631571482333,113.92895470806766,,,,,,,,,,,,APOIO,APOIO,,,,,24.062738445436047,,,92.06507396524783,37.85629278205609,37.19962702570765,15.508225908385299,708.647049380072
363,12.1,170.66516400896015,178.96523523753936,114.05636135196748,,,,,,,,,,,,APOIO,APOIO,,,,,24.062738445436047,,,92.06507396524783,37.84850385593517,37.19840309063147,15.5082655223554,708.650207021421
364,12.133333333333333,170.66522717220275,178.9661812043247,114.15345294667996,,,,,,,,,,,,APOIO,APOIO,,,,,24.062738445436047,,,92.06507396524783,37.83819329571759,37.19315765459073,15.50880782394607,708.6519417949229
365,12.166666666666666,170.66276411954743,178.96485709285136,114.22267727313769,,,,,,,,,,,,APOIO,APOIO,,,,,24.062738445436047,,,92.06507396524783,37.83164196466253,37.18961698526323,15.508739523997622,708.6536728384405
366,12.2,170.66051214783363,178.9627797610822,114.27613608095807,,,,,,,,,,,,APOIO,APOIO,,,,,24.062738445436047,,,92.06507396524783,37.82490758974564,37.18441526118949,15.508526428158467,708.6565141162959
367,12.233333333333333,170.6581975976195,178.95807395360438,114.31567017240869,,,,,,,,,,,,APOIO,APOIO,,,,,24.062738445436047,,,92.06507396524783,37.81807759490093,37.17755248236952,15.508567408127536,708.6581031906336
368,12.266666666666667,170.65478993092051,178.95208135201972,114.36877264000692,,,,,,,,,,,,APOIO,APOIO,,,,,24.062738445436047,,,92.06507396524783,37.81173116369121,37.172787877965845,15.508598826103821,708.659491690817
369,12.3,170.64280976987135,178.94038244323588,114.42341644635819,,,,,,,,,,,,APOIO,APOIO,,,,,24.062738445436047,,,92.06507396524783,37.80325650608789,37.16575025127785,15.508124824461598,708.6622330489828
370,12.333333333333334,170.62730018969123,178.93027369806902,114.49944040560949,,,,,,,,,,,,APOIO,APOIO,,,,,24.062738445436047,,,92.06507396524783,37.7954265999979,37.160548527204114,15.507183651171996,708.6676691756115
371,12.366666666666667,170.6254340399165,178.93577565707764,114.62755043785421,,,,,,,,,,,,APOIO,APOIO,,,,,24.062738445436047,,,92.06507396524783,37.78618698297197,37.15884376049087,15.507683606794629,708.6702737599622
372,12.4,170.6177636280299,178.93761597465937,114.72795645461701,,,,,,,,,,,,APOIO,APOIO,,,,,24.062738445436047,,,92.06507396524783,37.773726340377266,37.15115045429778,15.507810644698742,708.6715196588244
373,12.433333333333334,170.59773669474959,178.93283774930083,114.92575477329083,,,,,,,,,,,,APOIO,APOIO,,,,,24.062738445436047,,,92.06507396524783,37.75260526431946,37.14402540367577,15.508007348550269,708.674271826424
374,12.466666666666667,170.59418356143897,178.94798123735353,115.08650604561561,,,,,,,,,,,,APOIO,APOIO,,,,,24.062738445436047,,,92.06507396524783,37.740977881095816,37.1435008600717,15.507933584605945,708.6764890578555
375,12.5,170.60823666333516,178.98220488266605,114.92533111391558,,,,,,,,,,,,APOIO,APOIO,,,,,24.062738445436047,,,92.06507396524783,37.6931897731663,37.14240806089654,15.509346027539834,708.6793396145657
376,12.533333333333333,170.718434777435,179.00554358293286,109.7054667258258,,,,,,,,,,,,APOIO,APOIO,,,,,24.062738445436047,,,92.06507396524783,37.70338558947049,37.24840958088655,15.51196191556536,708.6835733759624
377,12.566666666666666,170.81656166152726,179.03186569846204,108.2628567175626,,,,,,,,,,,,APOIO,APOIO,,,,,24.062738445436047,,,92.06507396524783,37.71808647037426,37.30790156798198,15.512950898818875,708.6856468166595
378,12.6,170.9165395941075,179.10605673615777,107.89822043897928,,,,,,,,,,,,APOIO,APOIO,,,,,24.062738445436047,,,92.06507396524783,37.74654296089529,37.36542651656213,15.513938516073422,708.693939312164
379,12.633333333333333,170.9897533525953,179.15767343926248,107.87255535980759,,,,,,,,,,,,APOIO,APOIO,,,,,24.062738445436047,,,92.06507396524783,37.78558594342564,37.41831799663962,15.516609044057706,708.7032153169213
380,12.666666666666666,171.04616672317482,179.2201581427752,107.91588169109298,,,,,,,,,,,,APOIO,APOIO,,,,,24.062738445436047,,,92.06507396524783,37.826724368374336,37.468062215092665,15.515472532915545,708.7165882547337
381,12.7,171.08630094698538,179.2582229787549,107.93887518021565,,,,,,,,,,,,APOIO,APOIO,,,,,24.062738445436047,,,92.06507396524783,37.85065667031023,37.49564446627357,15.51519523512485,708.724866401246
382,12.733333333333333,171.1164145948703,179.28099494994456,107.95190770556637,,,,,,,,,,,,APOIO,APOIO,,,,,24.062738445436047,,,92.06507396524783,37.86070222672784,37.50582935458601,15.518151256893644,708.7289184320874
383,12.766666666666667,171.14873809111188,179.30563840219074,108.01464096912468,,,,,,,,,,,,APOIO,APOIO,,,,,24.062738445436047,,,92.06507396524783,37.87060298725474,37.5184184010838,15.523601592779727,708.7394003077851
384,12.8,171.17080470066892,179.35928087249002,108.14376119045438,,,,,,,,,,,,APOIO,APOIO,,,,,24.062738445436047,,,92.06507396524783,37.874381340402834,37.53376130150297,15.532801595835561,708.7493693442487
385,12.833333333333334,171.20124988599218,179.38770247578572,108.19198744554404,,,,,,,,,,,,APOIO,APOIO,,,,,24.062738445436047,,,92.06507396524783,37.87905578887456,37.54718087537387,15.538006051907237,708.7545758900054
386,12.866666666666667,171.21823397932974,179.40553881158405,108.2635436010426,,,,,,,,,,,,APOIO,APOIO,,,,,24.062738445436047,,,92.06507396524783,37.87661338271809,37.551639496008505,15.543131280038713,708.7609249024729
387,12.9,171.25117761789042,179.44503352811859,108.31716666794797,,,,,,,,,,,,APOIO,APOIO,,,,,24.062738445436047,,,92.06507396524783,37.869693231941426,37.551552072074486,15.549376627324722,708.767182597109
388,12.933333333333334,171.2765405188322,179.47288134276732,108.3468564981943,,,,,,,,,,,,APOIO,APOIO,,,,,24.062738445436047,,,92.06507396524783,37.869966431735214,37.55351911058977,15.555593288632384,708.7740530650091
389,12.966666666666667,171.29351240856647,179.49487032065673,108.381370030796,,,,,,,,,,,,APOIO,APOIO,,,,,24.062738445436047,,,92.06507396524783,37.87139253465879,37.55692864401625,15.56145479020812,708.7805247986106
390,13.0,171.3099746963782,179.51422222749773,108.41881143291724,,,,,,,,,,,,APOIO,APOIO,,,,,24.062738445436047,,,92.06507396524783,37.874949595973916,37.56304831939712,15.565071955477881,708.784167936203
391,13.033333333333333,171.32569806265113,179.53019411687228,108.44038991732545,,,,,,,,,,,,APOIO,APOIO,,,,,24.062738445436047,,,92.06507396524783,37.87557795549963,37.564709374143355,15.570397985457793,708.7894954302296
392,13.066666666666666,171.34181272656141,179.55237558418136,108.44908219172153,,,,,,,,,,,,APOIO,APOIO,,,,,24.062738445436047,,,92.06507396524783,37.8769166344892,37.56637042888959,15.576751246662349,708.7958804082227
393,13.1,171.35650275348345,179.57204153771528,108.4633860718256,,,,,,,,,,,,APOIO,APOIO,,,,,24.062738445436047,,,92.06507396524783,37.87760782996748,37.567900347734806,15.582857262053526,708.8022177483358
394,13.133333333333333,171.3701933496424,179.58551302334692,108.48557690718242,,,,,,,,,,,,APOIO,APOIO,,,,,24.062738445436047,,,92.06507396524783,37.87702045041084,37.568250043470854,15.588743351610704,708.8082064472267
395,13.166666666666666,171.3906328735905,179.59992610116214,108.49544002270194,,,,,,,,,,,,APOIO,APOIO,,,,,24.062738445436047,,,92.06507396524783,37.8765997227284,37.567900347734806,15.594130851544216,708.8137868001353
396,13.2,171.40506293286236,179.61742702324275,108.49585234858581,,,,,,,,,,,,APOIO,APOIO,,,,,24.062738445436047,,,92.06507396524783,37.87723627824793,37.56842489133888,15.598937801915929,708.8187060959183
397,13.233333333333333,171.41521490265697,179.63202655555918,108.49665899772685,,,,,,,,,,,,APOIO,APOIO,,,,,24.062738445436047,,,92.06507396524783,37.87785370978189,37.56894943494295,15.604390869799952,708.8244645152632
398,13.266666666666667,171.42315728971934,179.63900555636968,108.51066793037393,,,,,,,,,,,,APOIO,APOIO,,,,,24.062738445436047,,,92.06507396524783,37.876668022676846,37.56829375543786,15.608125510981042,708.8285278476117
399,13.3,171.43250523656067,179.6472297699943,108.51432880828361,,,,,,,,,,,,APOIO,APOIO,,,,,24.062738445436047,,,92.06507396524783,37.87691117049332,37.5685997392069,15.611096558738495,708.8315000202506
400,13.333333333333334,171.44195511391416,179.66253805561186,108.51152506938485,,,,,,,,,,,,APOIO,APOIO,,,,,24.062738445436047,,,92.06507396524783,37.8780995895963,37.56951769051403,15.61331494106406,708.8337912790881
401,13.366666666666667,171.45111669791157,179.6731416419703,108.5198517860998,,,,,,,,,,,,APOIO,APOIO,,,,,24.062738445436047,,,92.06507396524783,37.87760782996748,37.56951769051403,15.616402098733872,708.8371056868276
402,13.4,171.46185204809268,179.6841009480281,108.53707914845137,,,,,,,,,,,,APOIO,APOIO,,,,,24.062738445436047,,,92.06507396524783,37.876621578711905,37.56947397854703,15.620491899646888,708.8421403965172
403,13.433333333333334,171.46836414884322,179.69035700965247,108.54060551511257,,,,,,,,,,,,APOIO,APOIO,,,,,24.062738445436047,,,92.06507396524783,37.876774570596424,37.569648826415055,15.624501106620738,708.8462771863273
404,13.466666666666667,171.4790058257989,179.7045863253599,108.53879549657552,,,,,,,,,,,,APOIO,APOIO,,,,,24.062738445436047,,,92.06507396524783,37.877269062223185,37.570085946085115,15.628554025561591,708.850651455525
405,13.5,171.48966071116234,179.71745136988073,108.54006340804659,,,,,,,,,,,,APOIO,APOIO,,,,,24.062738445436047,,,92.06507396524783,37.87739473412832,37.57061048968919,15.631974486979827,708.854107189798
406,13.533333333333333,171.49857300871906,179.7258875819019,108.55015840829438,,,,,,,,,,,,APOIO,APOIO,,,,,24.062738445436047,,,92.06507396524783,37.87753406602316,37.571484729029315,15.636426277619613,708.8595302160431
407,13.566666666666666,171.5052980013903,179.73312138885134,108.55006294876226,,,,,,,,,,,,APOIO,APOIO,,,,,24.062738445436047,,,92.06507396524783,37.87790834974065,37.5720966965674,15.642245433227313,708.8656133396128
408,13.6,171.51300010150626,179.74435560333526,108.54961086755195,,,,,,,,,,,,APOIO,APOIO,,,,,24.062738445436047,,,92.06507396524783,37.877692521903555,37.571878136732366,15.645327126901249,708.8688014348015
409,13.633333333333333,171.51913436187473,179.75291844950826,108.54980178616408,,,,,,,,,,,,APOIO,APOIO,,,,,24.062738445436047,,,92.06507396524783,37.87802855764992,37.57231525640243,15.648481218520539,708.8720462616351
410,13.666666666666666,171.5305581357122,179.76343744100805,108.55413713702113,,,,,,,,,,,,APOIO,APOIO,,,,,24.062738445436047,,,92.06507396524783,37.87801489766023,37.57253381623746,15.652297819639767,708.8770083399322
411,13.7,171.54146321526204,179.77444646454938,108.55329959701258,,,,,,,,,,,,APOIO,APOIO,,,,,24.062738445436047,,,92.06507396524783,37.87840557336534,37.57275237607249,15.6560174348322,708.8807476977449
412,13.733333333333333,171.5478270894491,179.78239411897275,108.55245665766907,,,,,,,,,,,,APOIO,APOIO,,,,,24.062738445436047,,,92.06507396524783,37.87828263345814,37.57253381623746,15.660086745760683,708.8850219572092
413,13.766666666666667,171.55335869701472,179.79064326571418,108.55133274501866,,,,,,,,,,,,APOIO,APOIO,,,,,24.062738445436047,,,92.06507396524783,37.878236189493194,37.572402680336445,15.664169716678854,708.8895058441558
414,13.8,171.56380418100056,179.80217649242806,108.55318972647765,,,,,,,,,,,,APOIO,APOIO,,,,,24.062738445436047,,,92.06507396524783,37.87832907742308,37.572708664105484,15.668881047122742,708.894225572692
415,13.833333333333334,171.57113997478638,179.81128840960142,108.55260795416784,,,,,,,,,,,,APOIO,APOIO,,,,,24.062738445436047,,,92.06507396524783,37.878430161346785,37.572796088039496,15.672738628211038,708.8982359258911
416,13.866666666666667,171.57950818673166,179.824170638779,108.54737029149064,,,,,,,,,,,,APOIO,APOIO,,,,,24.062738445436047,,,92.06507396524783,37.87838644937978,37.57266495213848,15.677575630560066,708.9034598060946
417,13.9,171.5883982541032,179.83928744985573,108.54501627740906,,,,,,,,,,,,APOIO,APOIO,,,,,24.062738445436047,,,92.06507396524783,37.87825531347876,37.57266495213848,15.681135423873133,708.907300493951
418,13.933333333333334,171.59330228123028,179.84549493133997,108.54752878786633,,,,,,,,,,,,APOIO,APOIO,,,,,24.062738445436047,,,92.06507396524783,37.87833180942102,37.57301464787453,15.686464185850982,708.9148478683666
419,13.966666666666667,171.60218346231312,179.85598234624055,108.5458375670834,,,,,,,,,,,,APOIO,APOIO,,,,,24.062738445436047,,,92.06507396524783,37.8792169767529,37.57384517524765,15.696087648587188,708.9311551600558
